genome	completeness	contamination	strain_heterogeneity	taxonomy_contained	taxonomy_sister_lineage
CA-L442.1.fasta	59.31	1.8	0	k__Bacteria;p__Verrucomicrobia;c__Verrucomicrobiae;o__Verrucomicrobiales	f__Verrucomicrobia_subdivision_3;g__Pedosphaera;s__Pedosphaera_parvula
CA-L442.10.fasta	53.53	2.21	14.29	k__Bacteria;p__Proteobacteria;c__Betaproteobacteria	o__Burkholderiales
CA-L442.11.fasta	0	0	0	NA	unresolved
CA-L442.12.fasta	89.34	18.53	10	k__Bacteria;p__Verrucomicrobia;c__Opitutae;o__Opitutales	f__Opitutaceae
CA-L442.13.fasta	64.58	8.55	17.39	k__Bacteria;p__Actinobacteria;c__Actinobacteria;o__Actinomycetales;f__Streptomycetaceae	f__Sporichthyaceae;g__Sporichthya;s__Sporichthya_polymorpha
CA-L442.14.fasta	96.07	0.66	50	k__Bacteria;p__Proteobacteria;c__Alphaproteobacteria;o__Rhodospirillales;f__Rhodospirillaceae;g__Azospirillum	unresolved
CA-L442.15.fasta	77	8.49	0	k__Bacteria	p__Verrucomicrobia
CA-L442.16.fasta	16.38	0	0	k__Bacteria;p__Proteobacteria;c__Betaproteobacteria;o__Burkholderiales;f__Comamonadaceae	g__Rhodoferax;s__Rhodoferax_ferrireducens
CA-L442.17.fasta	32.06	0.5	0	k__Bacteria;p__Proteobacteria;c__Betaproteobacteria	o__Nitrosomonadales;f__Nitrosomonadaceae
CA-L442.18.fasta	90.5	2.69	0	k__Bacteria	p__Planctomycetes;c__Planctomycetia;o__Planctomycetales;f__Planctomycetaceae
CA-L442.19.fasta	97.31	4.08	16.67	k__Bacteria;p__Bacteroidetes	c__Bacteroidia;o__Bacteroidales
CA-L442.2.fasta	85.93	0	0	k__Bacteria;p__Proteobacteria;c__Betaproteobacteria;o__Burkholderiales;f__Comamonadaceae	g__Rhodoferax;s__Rhodoferax_ferrireducens
CA-L442.20.fasta	37.3	1.72	100	k__Bacteria;p__Proteobacteria;c__Gammaproteobacteria;o__Methylococcales;f__Methylococcaceae;g__Methylococcus	s__Methylococcus_capsulatus
CA-L442.21.fasta	12.07	0	0	k__Bacteria;p__Actinobacteria;c__Actinobacteria;o__Actinomycetales;f__Streptomycetaceae	f__Sporichthyaceae;g__Sporichthya;s__Sporichthya_polymorpha
CA-L442.22.fasta	20.53	0	0	k__Bacteria;p__Acidobacteria;c__Holophagae;o__Holophagales;f__Holophagaceae	g__Holophaga;s__Holophaga_foetida
CA-L442.23.fasta	29.09	3.33	35	k__Bacteria;p__Bacteroidetes;c__Sphingobacteriia;o__Sphingobacteriales	f__Chitinophagaceae
CA-L442.24.fasta	99.57	164.18	25.58	k__Bacteria;p__Actinobacteria;c__Actinobacteria;o__Actinomycetales;f__Streptomycetaceae	f__Sporichthyaceae;g__Sporichthya;s__Sporichthya_polymorpha
CA-L442.25.fasta	59.85	5.58	14.29	k__Bacteria;p__Proteobacteria;c__Betaproteobacteria;o__Burkholderiales;f__Comamonadaceae	g__Rhodoferax;s__Rhodoferax_ferrireducens
CA-L442.26.fasta	15.79	0	0	k__Bacteria;p__Acidobacteria;c__Holophagae;o__Holophagales;f__Holophagaceae	g__Geothrix;s__Geothrix_fermentans
CA-L442.27.fasta	55.64	4.61	0	k__Bacteria;p__Actinobacteria;c__Actinobacteria;o__Actinomycetales	f__Jiangellaceae;g__Jiangella;s__Jiangella_gansuensis
CA-L442.28.fasta	71.49	68.74	66.18	k__Bacteria;p__Proteobacteria;c__Betaproteobacteria;o__Burkholderiales;f__Burkholderiaceae;g__Polynucleobacter;s__Polynucleobacter_necessarius	unresolved
CA-L442.29.fasta	47.29	0.35	0	k__Bacteria;p__Cyanobacteria;c__Oscillatoriales;o__Oscillatoriales;f__Pseudanabaena;g__Pseudanabaena	c__Chroococcales;o__Chroococcales;f__Synechococcus;g__Synechococcus;s__
CA-L442.3.fasta	35.34	1.72	0	k__Bacteria;p__Proteobacteria;c__Betaproteobacteria	unresolved
CA-L442.30.fasta	86.76	42.45	3.57	k__Bacteria	p__Gemmatimonadetes;c__Gemmatimonadetes;o__Gemmatimonadales;f__Gemmatimonadaceae;g__Gemmatimonas;s__Gemmatimonas_aurantiaca
CA-L442.31.fasta	4.17	0	0	NA	unresolved
CA-L442.32.fasta	19.36	0	0	k__Bacteria	p__Fusobacteria;c__Fusobacteriia;o__Fusobacteriales
CA-L442.33.fasta	96.41	0.52	0	k__Bacteria;p__Actinobacteria;c__Actinobacteria	o__Acidimicrobiales;f__Acidimicrobiaceae;g__Acidimicrobium;s__Acidimicrobium_ferrooxidans
CA-L442.34.fasta	50.86	5.17	0	k__Bacteria;p__Proteobacteria;c__Betaproteobacteria;o__Methylophilales;f__Methylophilaceae;g__Methylotenera	s__Methylotenera_versatilis
CA-L442.35.fasta	64.18	5.17	66.67	k__Bacteria;p__Proteobacteria;c__Betaproteobacteria;o__Burkholderiales;f__Comamonadaceae	g__Rhodoferax;s__Rhodoferax_ferrireducens
CA-L442.36.fasta	93.96	25.69	63.16	k__Bacteria;p__Proteobacteria;c__Gammaproteobacteria;o__Methylococcales;f__Methylococcaceae	g__Methylobacter;s__Methylobacter_tundripaludum
CA-L442.37.fasta	44.87	2.69	0	k__Bacteria	p__Planctomycetes;c__Planctomycetia;o__Planctomycetales;f__Planctomycetaceae
CA-L442.38.fasta	87.66	68.21	11.38	k__Bacteria;p__Verrucomicrobia;c__Opitutae;o__Opitutales;f__Opitutaceae	g__Opitutus;s__Opitutus_terrae
CA-L442.39.fasta	73.58	1.23	22.22	k__Bacteria;p__Proteobacteria;c__Gammaproteobacteria;o__Chromatiales	f__Chromatiaceae
CA-L442.4.fasta	10.34	0	0	k__Bacteria;p__Actinobacteria;c__Actinobacteria;o__Actinomycetales;f__Streptomycetaceae	f__Sporichthyaceae;g__Sporichthya;s__Sporichthya_polymorpha
CA-L442.40.fasta	52.74	1.72	0	k__Bacteria;p__Actinobacteria;c__Actinobacteria;o__Actinomycetales;f__Streptomycetaceae	f__Sporichthyaceae;g__Sporichthya;s__Sporichthya_polymorpha
CA-L442.41.fasta	30.45	3.45	0	k__Bacteria;p__Actinobacteria;c__Actinobacteria	o__Acidimicrobiales;f__Acidimicrobiaceae;g__Acidimicrobium;s__Acidimicrobium_ferrooxidans
CA-L442.42.fasta	64.88	0	0	k__Bacteria;p__Spirochaetes;c__Spirochaetia	p__Elusimicrobia;c__Candidatus_Endomicrobium;o__Candidatus_Endomicrobium;f__Candidatus_Endomicrobium;g__Candidatus_Endomicrobium;s__
CA-L442.43.fasta	0	0	0	NA	unresolved
CA-L442.44.fasta	41.9	5.85	100	k__Bacteria;p__Planctomycetes;c__Planctomycetia;o__Planctomycetales;f__Planctomycetaceae	g__Rhodopirellula
CA-L442.45.fasta	66.37	0.24	0	k__Bacteria;p__Proteobacteria;c__Betaproteobacteria;o__Nitrosomonadales;f__Nitrosomonadaceae	g__Nitrosospira
CA-L442.46.fasta	69	0	0	k__Bacteria;p__Actinobacteria;c__Actinobacteria	o__Acidimicrobiales;f__Acidimicrobiaceae;g__Acidimicrobium;s__Acidimicrobium_ferrooxidans
CA-L442.47.fasta	69.39	1.75	42.86	k__Bacteria;p__Proteobacteria;c__Gammaproteobacteria;o__Methylococcales;f__Methylococcaceae	g__Methylobacter;s__Methylobacter_tundripaludum
CA-L442.48.fasta	61.09	2.14	33.33	k__Bacteria;p__Actinobacteria;c__Actinobacteria	o__Acidimicrobiales;f__Acidimicrobiaceae;g__Acidimicrobium;s__Acidimicrobium_ferrooxidans
CA-L442.49.fasta	18.22	0	0	k__Archaea;p__Euryarchaeota;c__Methanomicrobia;o__Methanomicrobiales;f__Methanoregulaceae	g__Methanoregula;s__Methanoregula_formicicum
CA-L442.5.fasta	72.3	1.34	11.11	k__Bacteria;p__Proteobacteria;c__Gammaproteobacteria;o__Methylococcales;f__Methylococcaceae	g__Methylobacter;s__Methylobacter_tundripaludum
CA-L442.50.fasta	39.37	1.08	0	k__Bacteria;p__Bacteroidetes;c__Bacteroidia;o__Bacteroidales;f__Porphyromonadaceae	o__Prolixibacter;f__Prolixibacter;g__Prolixibacter;s__Prolixibacter_bellariivorans
CA-L442.51.fasta	38.6	3.51	0	k__Bacteria;p__Acidobacteria;c__Holophagae;o__Holophagales;f__Holophagaceae	g__Geothrix;s__Geothrix_fermentans
CA-L442.52.fasta	0	0	0	NA	unresolved
CA-L442.53.fasta	25.86	0	0	k__Bacteria;p__Proteobacteria;c__Betaproteobacteria;o__Methylophilales;f__Methylophilaceae;g__Methylotenera	s__Methylotenera_versatilis
CA-L442.54.fasta	69.21	2.72	45.45	k__Bacteria;p__Verrucomicrobia;c__Opitutae;o__Opitutales	o__Puniceicoccales;f__Puniceicoccaceae;g__Coraliomargarita;s__Coraliomargarita_akajimensis
CA-L442.55.fasta	23.22	0	0	k__Bacteria;p__Proteobacteria;c__Betaproteobacteria	unresolved
CA-L442.56.fasta	14	0.32	0	k__Bacteria;p__Proteobacteria;c__Deltaproteobacteria	o__Syntrophobacterales;f__Syntrophaceae;g__Desulfomonile;s__Desulfomonile_tiedjei
CA-L442.57.fasta	75.44	0	0	k__Bacteria;p__Proteobacteria;c__Gammaproteobacteria;o__Methylococcales;f__Methylococcaceae	g__Methylobacter;s__Methylobacter_tundripaludum
CA-L442.58.fasta	53.65	0.6	0	k__Bacteria	p__Ignavibacteriae;c__Ignavibacteria;o__Ignavibacteriales
CA-L442.59.fasta	51.38	0	0	k__Bacteria;p__Verrucomicrobia;c__Opitutae;o__Opitutales	f__Opitutaceae
CA-L442.6.fasta	0	0	0	NA	unresolved
CA-L442.60.fasta	85.38	0.88	0	k__Bacteria;p__Acidobacteria;c__Holophagae;o__Holophagales;f__Holophagaceae	g__Geothrix;s__Geothrix_fermentans
CA-L442.61.fasta	16.67	0	0	k__Bacteria;p__Chloroflexi;c__Dehalococcoidetes	c__;o__;f__;g__;s__
CA-L442.62.fasta	15.52	0	0	k__Bacteria;p__Proteobacteria;c__Betaproteobacteria;o__Methylophilales;f__Methylophilaceae;g__Methylotenera	s__Methylotenera_versatilis
CA-L442.63.fasta	78.47	4.12	54.17	k__Bacteria;p__Proteobacteria;c__Betaproteobacteria;o__Burkholderiales;f__Comamonadaceae	g__Rhodoferax;s__Rhodoferax_ferrireducens
CA_L442_64_1-contigs	90.11	0	0	k__Bacteria;p__Chlorobi;c__Chlorobia;o__Chlorobiales;f__Chlorobiaceae;g__Pelodictyon	s__Pelodictyon_phaeoclathratiforme
CA-L442.65.fasta	92.24	26.72	9.76	k__Bacteria	p__Verrucomicrobia
CA-L442.66.fasta	55.37	0.58	0	k__Bacteria;p__Planctomycetes;c__Planctomycetia;o__Planctomycetales;f__Planctomycetaceae	unresolved
CA-L442.67.fasta	31.72	0	0	k__Bacteria;p__Bacteroidetes;c__Sphingobacteriia;o__Sphingobacteriales;f__Chitinophagaceae;g__Sediminibacterium	s__
CA-L442.68.fasta	58.77	0	0	k__Bacteria;p__Proteobacteria;c__Gammaproteobacteria;o__Methylococcales;f__Methylococcaceae	g__Methylovulum;s__Methylovulum_miyakonense
CA-L442.69.fasta	8.33	0	0	NA	unresolved
CA-L442.7.fasta	78.53	48.42	18.45	k__Bacteria;p__Verrucomicrobia	c__Opitutae;o__Opitutales;f__Opitutaceae
CA-L442.70.fasta	93.81	0.56	0	k__Bacteria;p__Proteobacteria;c__Betaproteobacteria	o__Gallionellales;f__Gallionellaceae;g__Gallionella;s__Gallionella_capsiferriformans
CA-L442.71.fasta	81.11	5.32	51.35	k__Bacteria;p__Proteobacteria;c__Gammaproteobacteria;o__Methylococcales;f__Methylococcaceae	g__Methylovulum;s__Methylovulum_miyakonense
CA-L442.72.fasta	80.88	0.03	0	k__Bacteria	p__Lentisphaerae;c__Lentisphaeria;o__Victivallales;f__Victivallaceae;g__Victivallis;s__Victivallis_vadensis
CA-L442.73.fasta	24.91	0.99	0	k__Bacteria;p__Chloroflexi;c__Dehalococcoidetes	o__Dehalococcoidales;f__Dehalococcoidaceae;g__Dehalococcoides;s__Dehalococcoides_mccartyi
CA-L442.74.fasta	91.76	4.12	25	k__Bacteria;p__Chlorobi;c__Chlorobia;o__Chlorobiales;f__Chlorobiaceae;g__Pelodictyon	s__Pelodictyon_phaeoclathratiforme
CA-L442.75.fasta	94.44	3.33	0	k__Bacteria;p__Proteobacteria;c__Gammaproteobacteria;o__Xanthomonadales	f__Sinobacteraceae
CA-L442.76.fasta	50.48	0	0	k__Bacteria;p__Proteobacteria;c__Gammaproteobacteria;o__Methylococcales;f__Methylococcaceae	g__Methylobacter;s__Methylobacter_tundripaludum
CA-L442.77.fasta	34.83	0	0	k__Bacteria;p__Actinobacteria;c__Actinobacteria;o__Actinomycetales	unresolved
CA-L442.78.fasta	14.73	0	0	k__Bacteria;p__Verrucomicrobia;c__Opitutae;o__Opitutales	o__Puniceicoccales;f__Puniceicoccaceae;g__Coraliomargarita;s__Coraliomargarita_akajimensis
CA-L442.79.fasta	0	0	0	NA	unresolved
CA-L442.8.fasta	27.57	5.47	0	k__Bacteria;p__Proteobacteria;c__Betaproteobacteria	unresolved
CA-L442.80.fasta	11.47	0	0	k__Bacteria;p__Planctomycetes;c__Planctomycetia;o__Planctomycetales;f__Planctomycetaceae	unresolved
CA-L442.81.fasta	59.65	3.51	0	k__Bacteria;p__Verrucomicrobia;c__Opitutae;o__Opitutales;f__Opitutaceae	g__Opitutus;s__Opitutus_terrae
CA-L442.82.fasta	92.92	1.24	0	k__Bacteria;p__Chloroflexi;c__Chloroflexi;o__Chloroflexales;f__Chloroflexaceae	f__Oscillochloridaceae;g__Oscillochloris;s__Oscillochloris_trichoides
CA-L442.83.fasta	16.58	0	0	k__Bacteria;p__Proteobacteria;c__Betaproteobacteria;o__Burkholderiales;f__Comamonadaceae	g__Rhodoferax;s__Rhodoferax_ferrireducens
CA-L442.84.fasta	95.04	3.27	6.67	k__Bacteria;p__Proteobacteria;c__Gammaproteobacteria;o__Xanthomonadales	f__Sinobacteraceae
CA-L442.85.fasta	45.26	0	0	k__Bacteria;p__Actinobacteria;c__Actinobacteria;o__Actinomycetales;f__Streptomycetaceae	f__Sporichthyaceae;g__Sporichthya;s__Sporichthya_polymorpha
CA-L442.86.fasta	88.06	1.1	14.29	k__Bacteria;p__Proteobacteria;c__Betaproteobacteria;o__Rhodocyclales;f__Rhodocyclaceae	g__Methyloversatilis;s__Methyloversatilis_universalis
CA-L442.87.fasta	15.52	0	0	k__Bacteria;p__Actinobacteria;c__Actinobacteria	unresolved
CA-L442.88.fasta	21.87	0	0	k__Bacteria;p__Chlorobi;c__Chlorobia;o__Chlorobiales;f__Chlorobiaceae;g__Pelodictyon	s__Pelodictyon_phaeoclathratiforme
CA-L442.89.fasta	44.03	0	0	k__Bacteria;p__Chloroflexi;c__Dehalococcoidetes	c__;o__;f__;g__;s__
CA-L442.9.fasta	21.05	3.51	100	k__Bacteria;p__Proteobacteria;c__Deltaproteobacteria	o__Desulfuromonadales;f__Geobacteraceae;g__Geobacter;s__Geobacter_sulfurreducens
CA-L442.90.fasta	52.07	11.01	14.04	k__Bacteria;p__Proteobacteria;c__Betaproteobacteria;o__Rhodocyclales;f__Rhodocyclaceae	g__Methyloversatilis;s__Methyloversatilis_universalis
CA-L442.91.fasta	31.54	2.07	0	k__Bacteria;p__Verrucomicrobia;c__Verrucomicrobiae;o__Verrucomicrobiales	f__Verrucomicrobia_subdivision_3;g__Pedosphaera;s__Pedosphaera_parvula
CA-L442.92.fasta	82.41	2.17	0	k__Bacteria	p__Verrucomicrobia
CA-L442.unbinned.fasta	100	2369.78	2.58	NA	unresolved
L227-2014-6m.001.fasta	0	0	0	NA	unresolved
L227-2014-6m.002.fasta	4.44	0	0	k__Bacteria;p__Proteobacteria;c__Betaproteobacteria;o__Burkholderiales;f__Comamonadaceae	g__Rhodoferax;s__Rhodoferax_ferrireducens
L227-2014-6m.003.fasta	50	12.28	50	k__Bacteria;p__Acidobacteria;c__Holophagae;o__Holophagales;f__Holophagaceae	g__Geothrix;s__Geothrix_fermentans
L227-2014-6m.004.fasta	94.51	9.87	82.86	k__Bacteria;p__Chlorobi;c__Chlorobia;o__Chlorobiales;f__Chlorobiaceae;g__Pelodictyon	s__Pelodictyon_phaeoclathratiforme
L227-2014-6m.005.fasta	86.89	1.74	60	k__Bacteria;p__Actinobacteria;c__Actinobacteria;o__Actinomycetales;f__Streptomycetaceae	f__Sporichthyaceae;g__Sporichthya;s__Sporichthya_polymorpha
L227-2014-6m.006.fasta	93.23	0.65	0	k__Bacteria;p__Proteobacteria;c__Deltaproteobacteria;o__Desulfobacterales;f__Desulfobacteraceae	g__Desulfatirhabdium;s__Desulfatirhabdium_butyrativorans
L227-2014-6m.007.fasta	71.9	0	0	k__Bacteria;p__Proteobacteria;c__Betaproteobacteria;o__Burkholderiales;f__Burkholderiaceae	g__Polynucleobacter;s__Polynucleobacter_necessarius
L227-2014-6m.008.fasta	18.42	0	0	k__Bacteria;p__Acidobacteria;c__Holophagae;o__Holophagales;f__Holophagaceae	g__Geothrix;s__Geothrix_fermentans
L227-2014-6m.009.fasta	0	0	0	NA	unresolved
L227-2014-6m.010.fasta	35.97	7.68	66.67	k__Bacteria;p__Chlorobi;c__Chlorobia;o__Chlorobiales;f__Chlorobiaceae;g__Pelodictyon	s__Pelodictyon_phaeoclathratiforme
L227-2014-6m.011.fasta	87.04	2.91	3.57	k__Bacteria;p__Proteobacteria;c__Alphaproteobacteria;o__Rhodospirillales;f__Rhodospirillaceae;g__Azospirillum	unresolved
L227-2014-6m.012.fasta	79.04	0.08	0	k__Bacteria;p__Actinobacteria;c__Actinobacteria;o__Actinomycetales;f__Streptomycetaceae	f__Sporichthyaceae;g__Sporichthya;s__Sporichthya_polymorpha
L227-2014-6m.013.fasta	93.71	1.1	20	k__Bacteria;p__Proteobacteria;c__Gammaproteobacteria;o__Methylococcales;f__Methylococcaceae	g__Methylovulum;s__Methylovulum_miyakonense
L227-2014-6m.014.fasta	61.22	22.23	53.85	k__Bacteria;p__Chlorobi;c__Chlorobia;o__Chlorobiales;f__Chlorobiaceae;g__Pelodictyon	s__Pelodictyon_phaeoclathratiforme
L227-2014-6m.015.fasta	83.15	4.49	0	k__Bacteria;p__Spirochaetes;c__Spirochaetia	p__Elusimicrobia;c__Candidatus_Endomicrobium;o__Candidatus_Endomicrobium;f__Candidatus_Endomicrobium;g__Candidatus_Endomicrobium;s__
L227-2014-6m.016.fasta	68.17	2.5	0	k__Bacteria;p__Actinobacteria;c__Actinobacteria;o__Actinomycetales;f__Streptomycetaceae	f__Sporichthyaceae;g__Sporichthya;s__Sporichthya_polymorpha
L227-2014-6m.017.fasta	92.5	3.44	0	k__Bacteria;p__Verrucomicrobia;c__Verrucomicrobiae;o__Verrucomicrobiales;f__Verrucomicrobiaceae	unresolved
L227-2014-6m.018.fasta	41.18	2.06	25	k__Bacteria;p__Proteobacteria;c__Gammaproteobacteria;o__Methylococcales;f__Methylococcaceae	g__Methylobacter;s__Methylobacter_tundripaludum
L227-2014-6m.019.fasta	41.38	0	0	k__Bacteria;p__Proteobacteria;c__Betaproteobacteria;o__Methylophilales;f__Methylophilaceae;g__Methylotenera	s__Methylotenera_versatilis
L227-2014-6m.020.fasta	96.2	103.18	17.46	k__Bacteria;p__Proteobacteria;c__Betaproteobacteria;o__Burkholderiales;f__Comamonadaceae	g__Rhodoferax;s__Rhodoferax_ferrireducens
L227-2014-6m.021.fasta	1.72	0	0	k__Bacteria;p__Proteobacteria;c__Betaproteobacteria;o__Burkholderiales;f__Burkholderiaceae;g__Polynucleobacter;s__Polynucleobacter_necessarius	unresolved
L227-2014-6m.022.fasta	93.05	10.48	18.52	k__Bacteria;p__Bacteroidetes	c__Bacteroidia;o__Bacteroidales
L227-2014-6m.023.fasta	51.03	37.07	19.35	k__Bacteria;p__Chlorobi;c__Chlorobia;o__Chlorobiales;f__Chlorobiaceae;g__Pelodictyon	s__Pelodictyon_phaeoclathratiforme
L227-2014-6m.024.fasta	49.12	0	0	k__Bacteria;p__Proteobacteria;c__Gammaproteobacteria;o__Methylococcales;f__Methylococcaceae	g__Methylobacter;s__Methylobacter_tundripaludum
L227-2014-6m.025.fasta	0	0	0	NA	unresolved
L227-2014-6m.026.fasta	79.67	71.79	62.38	k__Bacteria;p__Proteobacteria;c__Betaproteobacteria;o__Burkholderiales;f__Comamonadaceae	g__Rhodoferax;s__Rhodoferax_ferrireducens
L227-2014-6m.027.fasta	91.67	0	0	k__Bacteria;p__Planctomycetes;c__Planctomycetia;o__Planctomycetales;f__Planctomycetaceae	unresolved
L227-2014-6m.028.fasta	62.07	8.93	0	k__Bacteria;p__Verrucomicrobia;c__Verrucomicrobiae;o__Verrucomicrobiales;f__Verrucomicrobiaceae	unresolved
L227-2014-6m.029.fasta	4.23	0	0	k__Bacteria;p__Tenericutes;c__Mollicutes;o__Erysipelotrichales;f__Erysipelotrichaceae	unresolved
L227-2014-6m.030.fasta	11.68	0.31	0	k__Bacteria;p__Actinobacteria;c__Actinobacteria;o__Actinomycetales	unresolved
L227-2014-6m.031.fasta	0	0	0	NA	unresolved
L227-2014-6m.032.fasta	11.96	0.36	0	k__Bacteria;p__Thermotogae;c__Thermotogae;o__Thermotogales;f__Thermotogaceae	g__Thermotoga
L227-2014-6m.033.fasta	4.17	0	0	NA	unresolved
L227-2014-6m.034.fasta	89.4	12.89	4.44	k__Bacteria;p__Bacteroidetes;c__Sphingobacteriia;o__Sphingobacteriales;f__Chitinophagaceae;g__Sediminibacterium	s__
L227-2014-6m.035.fasta	61.28	30.66	14.29	k__Bacteria;p__Actinobacteria;c__Actinobacteria;o__Actinomycetales;f__Streptomycetaceae	f__Sporichthyaceae;g__Sporichthya;s__Sporichthya_polymorpha
L227-2014-6m.036.fasta	63.15	13.67	3.45	k__Archaea;p__Euryarchaeota;c__Methanomicrobia;o__Methanomicrobiales;f__Methanoregulaceae	g__Methanoregula;s__Methanoregula_formicicum
L227-2014-6m.037.fasta	47.97	2.37	16.67	k__Bacteria;p__Actinobacteria;c__Actinobacteria;o__Actinomycetales	f__Streptomycetaceae;g__Streptomyces;s__Streptomyces_cattleya
L227-2014-6m.038.fasta	26.29	8.93	0	k__Bacteria (root)	k__Bacteria
L227-2014-6m.039.fasta	89.42	10.2	0	k__Bacteria;p__Proteobacteria;c__Deltaproteobacteria;o__Myxococcales;f__Myxococcaceae	g__Anaeromyxobacter;s__Anaeromyxobacter_dehalogenans
L227-2014-6m.040.fasta	27.2	0.8	0	k__Bacteria;p__Spirochaetes;c__Spirochaetia;o__Spirochaetales	f__Spirochaetaceae
L227-2014-6m.041.fasta	0	0	0	k__Bacteria;p__Proteobacteria;c__Gammaproteobacteria;o__Enterobacteriales;f__Enterobacteriaceae;g__Buchnera;s__Buchnera_aphidicola	unresolved
L227-2014-6m.042.fasta	48.97	22.49	3.92	k__Bacteria;p__Verrucomicrobia;c__Verrucomicrobiae;o__Verrucomicrobiales	f__Verrucomicrobia_subdivision_3;g__Pedosphaera;s__Pedosphaera_parvula
L227-2014-6m.043.fasta	32.21	5.17	0	k__Bacteria;p__Bacteroidetes;c__Bacteroidia;o__Bacteroidales;f__Porphyromonadaceae	o__Prolixibacter;f__Prolixibacter;g__Prolixibacter;s__Prolixibacter_bellariivorans
L227-2014-6m.044.fasta	47.41	13.32	0	k__Bacteria;p__Bacteroidetes;c__Bacteroidia;o__Bacteroidales	f__Porphyromonadaceae;g__Paludibacter;s__Paludibacter_propionicigenes
L227-2014-6m.045.fasta	39.27	6.13	9.09	k__Bacteria;p__Proteobacteria;c__Deltaproteobacteria	o__Desulfuromonadales;f__Geobacteraceae;g__Geobacter;s__Geobacter_sulfurreducens
L227-2014-6m.046.fasta	56.77	26.23	1.82	k__Bacteria;p__Proteobacteria;c__Betaproteobacteria;o__Rhodocyclales;f__Rhodocyclaceae	g__Methyloversatilis;s__Methyloversatilis_universalis
L227-2014-6m.047.fasta	88.28	57.35	0	k__Bacteria	p__Fusobacteria;c__Fusobacteriia;o__Fusobacteriales
L227-2014-6m.048.fasta	64.11	51.53	4.94	k__Bacteria	p__Tenericutes;c__Mollicutes
L227-2014-6m.049.fasta	67.59	2.25	0	k__Bacteria;p__Spirochaetes;c__Spirochaetia	p__Elusimicrobia;c__Candidatus_Endomicrobium;o__Candidatus_Endomicrobium;f__Candidatus_Endomicrobium;g__Candidatus_Endomicrobium;s__
L227-2013-8m.001.fasta	95.74	1.61	25	k__Bacteria;p__Proteobacteria;c__Gammaproteobacteria;o__Methylococcales;f__Methylococcaceae	g__Methylobacter;s__Methylobacter_tundripaludum
L227-2013-8m.002.fasta	99.34	1.02	0	k__Bacteria;p__Bacteroidetes	c__Bacteroidia;o__Bacteroidales
L227-2013-8m.003.fasta	98.28	20.92	2.04	k__Bacteria;p__Verrucomicrobia;c__Verrucomicrobiae;o__Verrucomicrobiales;f__Verrucomicrobiaceae	unresolved
L227-2013-8m.004.fasta	4.17	0	0	NA	unresolved
L227-2013-8m.005.fasta	85.4	0.65	0	k__Archaea;p__Euryarchaeota;c__Methanomicrobia;o__Methanomicrobiales;f__Methanoregulaceae	g__Methanoregula;s__Methanoregula_formicicum
L227-2013-8m.006.fasta	37.72	14.04	66.67	k__Bacteria;p__Acidobacteria;c__Holophagae;o__Holophagales;f__Holophagaceae	g__Geothrix;s__Geothrix_fermentans
L227-2013-8m.007.fasta	0	0	0	NA	unresolved
L227-2013-8m.008.fasta	97.35	0	0	k__Bacteria;p__Planctomycetes;c__Planctomycetia;o__Planctomycetales;f__Planctomycetaceae	unresolved
L227-2013-8m.009.fasta	96.55	35.5	27.78	k__Bacteria;p__Bacteroidetes	c__Bacteroidia;o__Bacteroidales
L227-2013-8m.010.fasta	99.35	0.98	0	k__Archaea;p__Euryarchaeota;c__Methanomicrobia;o__Methanosarcinales;f__Methanosaetaceae;g__Methanosaeta	s__Methanosaeta_concilii
L227-2013-8m.011.fasta	16.97	2.96	7.14	k__Bacteria;p__Proteobacteria;c__Betaproteobacteria;o__Burkholderiales;f__Comamonadaceae	g__Rhodoferax;s__Rhodoferax_ferrireducens
L227-2013-8m.012.fasta	18.54	1	0	k__Bacteria (root)	k__Bacteria
L227-2013-8m.013.fasta	19.91	7.76	0	k__Bacteria;p__Bacteroidetes;c__Bacteroidia;o__Bacteroidales;f__Porphyromonadaceae	o__Prolixibacter;f__Prolixibacter;g__Prolixibacter;s__Prolixibacter_bellariivorans
L227-2013-8m.014.fasta	72.48	21	51.61	k__Bacteria	p__Verrucomicrobia
L227-2013-8m.015.fasta	91.5	17.5	15	k__Bacteria;p__Proteobacteria;c__Betaproteobacteria;o__Burkholderiales;f__Comamonadaceae	g__Rhodoferax;s__Rhodoferax_ferrireducens
L227-2013-8m.016.fasta	43.94	13.29	18.52	k__Bacteria;p__Proteobacteria;c__Betaproteobacteria;o__Methylophilales;f__Methylophilaceae;g__Methylotenera	s__Methylotenera_mobilis
L227-2013-8m.017.fasta	7.08	0	0	k__Bacteria;p__Proteobacteria;c__Gammaproteobacteria;o__Methylococcales;f__Methylococcaceae	g__Methylovulum;s__Methylovulum_miyakonense
L227-2013-8m.018.fasta	90.61	16.39	0	k__Bacteria;p__Verrucomicrobia;c__Verrucomicrobiae;o__Verrucomicrobiales;f__Verrucomicrobiaceae	unresolved
L227-2013-8m.019.fasta	88.79	8.25	0	k__Bacteria;p__Verrucomicrobia;c__Opitutae;o__Opitutales	o__Puniceicoccales;f__Puniceicoccaceae;g__Coraliomargarita;s__Coraliomargarita_akajimensis
L227-2013-8m.020.fasta	83.07	34.63	0	k__Bacteria;p__Proteobacteria;c__Deltaproteobacteria	unresolved
L227-2013-8m.021.fasta	66.66	27.25	6.72	k__Bacteria;p__Proteobacteria;c__Betaproteobacteria;o__Methylophilales;f__Methylophilaceae;g__Methylotenera	s__Methylotenera_versatilis
L227-2013-8m.022.fasta	88.97	26.83	16.22	k__Bacteria;p__Verrucomicrobia;c__Verrucomicrobiae;o__Verrucomicrobiales;f__Verrucomicrobiaceae	unresolved
L227-2013-8m.023.fasta	38.28	3.45	0	k__Bacteria;p__Verrucomicrobia;c__Verrucomicrobiae;o__Verrucomicrobiales	f__Verrucomicrobia_subdivision_3;g__Pedosphaera;s__Pedosphaera_parvula
L227-2013-8m.024.fasta	69.53	1.88	0	k__Bacteria;p__Bacteroidetes;c__Bacteroidia;o__Bacteroidales	f__Porphyromonadaceae;g__Paludibacter;s__Paludibacter_propionicigenes
L227-2013-8m.025.fasta	45.51	1.31	0	k__Archaea;p__Euryarchaeota;c__Methanomicrobia;o__Methanomicrobiales;f__Methanoregulaceae	g__Methanolinea;s__Methanolinea_tarda
L227-2013-8m.026.fasta	72.54	43.78	0	k__Bacteria	p__Tenericutes;c__Mollicutes
L227-2013-8m.027.fasta	24.35	3.06	6.25	k__Bacteria	p__Lentisphaerae;c__Lentisphaeria;o__Victivallales;f__Victivallaceae;g__Victivallis;s__Victivallis_vadensis
L227-2013-8m.028.fasta	55.6	5.62	0	k__Bacteria;p__Spirochaetes;c__Spirochaetia	p__Elusimicrobia;c__Candidatus_Endomicrobium;o__Candidatus_Endomicrobium;f__Candidatus_Endomicrobium;g__Candidatus_Endomicrobium;s__
L227-2013-8m.029.fasta	42.92	0.65	0	k__Bacteria;p__Proteobacteria;c__Deltaproteobacteria;o__Myxococcales;f__Myxococcaceae	g__Anaeromyxobacter;s__Anaeromyxobacter_dehalogenans
L227-2013-8m.030.fasta	29.82	5.26	0	k__Bacteria;p__Proteobacteria;c__Gammaproteobacteria;o__Methylococcales;f__Methylococcaceae	g__Methylovulum;s__Methylovulum_miyakonense
CA-L227-2013.1.fasta	0	0	0	NA	unresolved
CA-L227-2013.10.fasta	88.79	41.5	68.29	k__Bacteria;p__Actinobacteria;c__Actinobacteria;o__Actinomycetales	unresolved
CA-L227-2013.11.fasta	96.62	0.23	0	k__Bacteria;p__Verrucomicrobia;c__Verrucomicrobiae;o__Verrucomicrobiales;f__Verrucomicrobiaceae	unresolved
CA-L227-2013.12.fasta	73.04	0.65	0	k__Bacteria;p__Proteobacteria;c__Deltaproteobacteria;o__Myxococcales;f__Myxococcaceae	g__Anaeromyxobacter;s__Anaeromyxobacter_dehalogenans
CA-L227-2013.13.fasta	97.14	1.32	0	k__Bacteria;p__Proteobacteria;c__Alphaproteobacteria;o__Rhodospirillales;f__Rhodospirillaceae;g__Azospirillum	unresolved
CA-L227-2013.14.fasta	0	0	0	NA	unresolved
CA-L227-2013.15.fasta	77.06	0.05	0	k__Bacteria;p__Proteobacteria;c__Betaproteobacteria;o__Methylophilales;f__Methylophilaceae	unresolved
CA-L227-2013.16.fasta	0	0	0	NA	unresolved
CA-L227-2013.17.fasta	36.76	0.78	50	k__Bacteria;p__Actinobacteria;c__Actinobacteria;o__Actinomycetales	unresolved
CA-L227-2013.18.fasta	75.33	8.6	14.29	k__Bacteria;p__Spirochaetes;c__Spirochaetia	p__Elusimicrobia;c__Candidatus_Endomicrobium;o__Candidatus_Endomicrobium;f__Candidatus_Endomicrobium;g__Candidatus_Endomicrobium;s__
CA-L227-2013.19.fasta	0	0	0	NA	unresolved
CA-L227-2013.2.fasta	74.19	1.88	0	k__Bacteria;p__Bacteroidetes;c__Bacteroidia;o__Bacteroidales;f__Porphyromonadaceae	o__Prolixibacter;f__Prolixibacter;g__Prolixibacter;s__Prolixibacter_bellariivorans
CA-L227-2013.20.fasta	0	0	0	NA	unresolved
CA-L227-2013.21.fasta	12.07	0	0	k__Bacteria;p__Chlorobi;c__Chlorobia;o__Chlorobiales;f__Chlorobiaceae;g__Pelodictyon	s__Pelodictyon_phaeoclathratiforme
CA_L227_2013_22_1-contigs.fasta	98.5	2.75	0	k__Bacteria;p__Chlorobi;c__Chlorobia;o__Chlorobiales;f__Chlorobiaceae;g__Pelodictyon	s__Pelodictyon_phaeoclathratiforme
CA-L227-2013.23.fasta	92.07	2.7	25	k__Bacteria;p__Verrucomicrobia;c__Opitutae;o__Opitutales	o__Puniceicoccales;f__Puniceicoccaceae;g__Coraliomargarita;s__Coraliomargarita_akajimensis
CA-L227-2013.24.fasta	36.75	1.1	100	k__Bacteria;p__Chlorobi;c__Chlorobia;o__Chlorobiales;f__Chlorobiaceae;g__Pelodictyon	s__Pelodictyon_phaeoclathratiforme
CA-L227-2013.25.fasta	20.88	0	0	k__Bacteria;p__Acidobacteria;c__Holophagae;o__Holophagales;f__Holophagaceae	g__Geothrix;s__Geothrix_fermentans
CA-L227-2013.26.fasta	47.71	0	0	k__Bacteria;p__Proteobacteria;c__Deltaproteobacteria	o__Syntrophobacterales;f__Syntrophaceae;g__Desulfomonile;s__Desulfomonile_tiedjei
CA-L227-2013.27.fasta	12.28	0	0	k__Bacteria;p__Proteobacteria;c__Gammaproteobacteria;o__Methylococcales;f__Methylococcaceae	g__Methylobacter;s__Methylobacter_tundripaludum
CA-L227-2013.28.fasta	66.77	3.07	10	k__Bacteria;p__Proteobacteria;c__Betaproteobacteria;o__Burkholderiales;f__Comamonadaceae	g__Rhodoferax;s__Rhodoferax_ferrireducens
CA-L227-2013.29.fasta	27.98	0	0	k__Archaea;p__Euryarchaeota;c__Methanomicrobia;o__Methanomicrobiales;f__Methanoregulaceae	g__Methanolinea;s__Methanolinea_tarda
CA-L227-2013.3.fasta	94.8	1.35	0	k__Bacteria;p__Verrucomicrobia;c__Verrucomicrobiae;o__Verrucomicrobiales;f__Verrucomicrobiaceae	unresolved
CA-L227-2013.30.fasta	99.35	0	0	k__Archaea;p__Euryarchaeota;c__Methanomicrobia;o__Methanosarcinales;f__Methanosaetaceae;g__Methanosaeta	s__Methanosaeta_concilii
CA-L227-2013.31.fasta	91.52	3.65	0	k__Bacteria;p__Verrucomicrobia;c__Verrucomicrobiae;o__Verrucomicrobiales	f__Verrucomicrobia_subdivision_3;g__Pedosphaera;s__Pedosphaera_parvula
CA-L227-2013.32.fasta	71.06	0	0	k__Bacteria;p__Spirochaetes;c__Spirochaetia;o__Spirochaetales;f__Spirochaetaceae;g__Treponema	unresolved
CA-L227-2013.33.fasta	20.32	0	0	k__Bacteria;p__Proteobacteria;c__Gammaproteobacteria;o__Methylococcales;f__Methylococcaceae	g__Methylobacter;s__Methylobacter_tundripaludum
CA-L227-2013.34.fasta	46.46	1.12	0	k__Bacteria;p__Spirochaetes;c__Spirochaetia	p__Elusimicrobia;c__Candidatus_Endomicrobium;o__Candidatus_Endomicrobium;f__Candidatus_Endomicrobium;g__Candidatus_Endomicrobium;s__
CA-L227-2013.35.fasta	70.01	24.8	31.51	k__Bacteria;p__Actinobacteria;c__Actinobacteria;o__Actinomycetales	unresolved
CA-L227-2013.36.fasta	78.53	1.06	37.5	k__Bacteria;p__Proteobacteria;c__Gammaproteobacteria;o__Methylococcales;f__Methylococcaceae	g__Methylovulum;s__Methylovulum_miyakonense
CA-L227-2013.37.fasta	41.96	8.62	80	k__Bacteria;p__Proteobacteria;c__Betaproteobacteria;o__Burkholderiales;f__Comamonadaceae	g__Rhodoferax;s__Rhodoferax_ferrireducens
CA-L227-2013.38.fasta	10.34	1.72	100	k__Bacteria;p__Proteobacteria;c__Betaproteobacteria;o__Methylophilales;f__Methylophilaceae	unresolved
CA-L227-2013.39.fasta	8.62	0	0	k__Bacteria;p__Proteobacteria;c__Betaproteobacteria;o__Methylophilales;f__Methylophilaceae;g__Methylotenera	s__Methylotenera_versatilis
CA-L227-2013.4.fasta	70.89	0	0	k__Bacteria;p__Verrucomicrobia;c__Opitutae;o__Opitutales;f__Opitutaceae	g__Opitutus;s__Opitutus_terrae
CA-L227-2013.40.fasta	51.28	0	0	k__Bacteria;p__Proteobacteria;c__Deltaproteobacteria	o__Syntrophobacterales;f__Syntrophaceae;g__Desulfomonile;s__Desulfomonile_tiedjei
CA-L227-2013.41.fasta	55.26	28.95	88.24	k__Bacteria;p__Acidobacteria;c__Holophagae;o__Holophagales;f__Holophagaceae	g__Geothrix;s__Geothrix_fermentans
CA-L227-2013.42.fasta	0	0	0	NA	unresolved
CA-L227-2013.43.fasta	90.58	1.35	50	k__Bacteria	p__Verrucomicrobia
CA-L227-2013.44.fasta	71.78	0.99	0	k__Bacteria;p__Chloroflexi;c__Dehalococcoidetes	o__Dehalococcoidales;f__Dehalococcoidaceae;g__Dehalococcoides;s__Dehalococcoides_mccartyi
CA-L227-2013.45.fasta	59.8	0	0	k__Bacteria	p__Deinococcus-Thermus;c__Deinococci
CA-L227-2013.46.fasta	80.17	0	0	k__Bacteria;p__Verrucomicrobia;c__Verrucomicrobiae;o__Verrucomicrobiales;f__Verrucomicrobiaceae	unresolved
CA-L227-2013.47.fasta	0	0	0	NA	unresolved
CA-L227-2013.48.fasta	75.64	2.03	0	k__Bacteria	p__Lentisphaerae;c__Lentisphaeria;o__Victivallales;f__Victivallaceae;g__Victivallis;s__Victivallis_vadensis
CA-L227-2013.49.fasta	92.58	1.54	0	k__Bacteria;p__Proteobacteria;c__Alphaproteobacteria;o__Rhodospirillales;f__Rhodospirillaceae;g__Azospirillum	unresolved
CA-L227-2013.5.fasta	78.16	1.37	22.22	k__Bacteria;p__Proteobacteria;c__Gammaproteobacteria;o__Methylococcales;f__Methylococcaceae	g__Methylobacter;s__Methylobacter_tundripaludum
CA-L227-2013.50.fasta	15.01	1.99	4.76	k__Archaea;p__Euryarchaeota;c__Methanomicrobia;o__Methanomicrobiales;f__Methanoregulaceae	unresolved
CA-L227-2013.51.fasta	95.65	1.08	0	k__Bacteria;p__Bacteroidetes;c__Bacteroidia;o__Bacteroidales	f__Porphyromonadaceae;g__Paludibacter;s__Paludibacter_propionicigenes
CA-L227-2013.52.fasta	32.96	0	0	k__Bacteria;p__Proteobacteria;c__Deltaproteobacteria;o__Desulfobacterales;f__Desulfobacteraceae	g__Desulfatirhabdium;s__Desulfatirhabdium_butyrativorans
CA-L227-2013.53.fasta	38.95	0	0	k__Bacteria;p__Actinobacteria;c__Actinobacteria;o__Actinomycetales;f__Streptomycetaceae	f__Sporichthyaceae;g__Sporichthya;s__Sporichthya_polymorpha
CA-L227-2013.54.fasta	28.07	0	0	k__Bacteria;p__Proteobacteria;c__Gammaproteobacteria;o__Methylococcales;f__Methylococcaceae	g__Methylobacter;s__Methylobacter_tundripaludum
CA_L227_2013_55-contigs.fasta	97.39	0.11	0	k__Bacteria;p__Chlorobi;c__Chlorobia;o__Chlorobiales;f__Chlorobiaceae;g__Pelodictyon	s__Pelodictyon_phaeoclathratiforme
CA_L227_2013_56_1-contigs.fasta	96.7	0.57	0	k__Bacteria;p__Chlorobi;c__Chlorobia;o__Chlorobiales;f__Chlorobiaceae;g__Pelodictyon	s__Pelodictyon_phaeoclathratiforme
CA-L227-2013.57.fasta	73.86	0.25	0	k__Bacteria;p__Proteobacteria;c__Betaproteobacteria;o__Rhodocyclales;f__Rhodocyclaceae	g__Methyloversatilis;s__Methyloversatilis_universalis
CA-L227-2013.58.fasta	63.9	1.38	16.67	k__Bacteria;p__Proteobacteria;c__Betaproteobacteria;o__Burkholderiales;f__Comamonadaceae	g__Rhodoferax;s__Rhodoferax_ferrireducens
CA-L227-2013.59.fasta	0	0	0	NA	unresolved
CA-L227-2013.6.fasta	88.72	2.22	50	k__Bacteria;p__Bacteroidetes;c__Sphingobacteriia;o__Sphingobacteriales;f__Chitinophagaceae;g__Sediminibacterium	s__
CA-L227-2013.60.fasta	0	0	0	k__Bacteria;p__Proteobacteria;c__Gammaproteobacteria;o__Enterobacteriales;f__Enterobacteriaceae	g__Wigglesworthia;s__Wigglesworthia_glossinidia
CA-L227-2013.61.fasta	45.73	0.62	0	k__Bacteria;p__Proteobacteria;c__Betaproteobacteria;o__Burkholderiales;f__Comamonadaceae	g__Rhodoferax;s__Rhodoferax_ferrireducens
CA-L227-2013.62.fasta	9.48	0	0	k__Bacteria;p__Proteobacteria;c__Betaproteobacteria;o__Burkholderiales;f__Burkholderiaceae;g__Polynucleobacter;s__Polynucleobacter_necessarius	unresolved
CA-L227-2013.63.fasta	0	0	0	NA	unresolved
CA-L227-2013.64.fasta	82.86	1.12	0	k__Bacteria;p__Spirochaetes;c__Spirochaetia	p__Elusimicrobia;c__Candidatus_Endomicrobium;o__Candidatus_Endomicrobium;f__Candidatus_Endomicrobium;g__Candidatus_Endomicrobium;s__
CA-L227-2013.65.fasta	95.75	0.71	0	k__Bacteria;p__Proteobacteria;c__Betaproteobacteria;o__Burkholderiales;f__Comamonadaceae	g__Rhodoferax;s__Rhodoferax_ferrireducens
CA-L227-2013.66.fasta	28.05	0	0	k__Bacteria	p__Chlorobi;c__Chlorobia;o__Chlorobiales;f__Chlorobiaceae
CA-L227-2013.67.fasta	92.57	5.88	0	k__Bacteria;p__Verrucomicrobia;c__Verrucomicrobiae;o__Verrucomicrobiales	f__Verrucomicrobia_subdivision_3;g__Pedosphaera;s__Pedosphaera_parvula
CA-L227-2013.68.fasta	0	0	0	NA	unresolved
CA-L227-2013.69.fasta	20.61	0	0	k__Bacteria;p__Actinobacteria;c__Actinobacteria;o__Actinomycetales	f__Dermabacteraceae
CA-L227-2013.7.fasta	35.98	2.38	50	k__Bacteria;p__Bacteroidetes	unresolved
CA-L227-2013.70.fasta	45.27	0	0	k__Bacteria	p__Cyanobacteria
CA-L227-2013.71.fasta	91.38	69.44	71.43	k__Bacteria;p__Chlorobi;c__Chlorobia;o__Chlorobiales;f__Chlorobiaceae;g__Pelodictyon	s__Pelodictyon_phaeoclathratiforme
CA-L227-2013.72.fasta	39.84	6.63	12.5	k__Bacteria;p__Bacteroidetes;c__Bacteroidia;o__Bacteroidales;f__Porphyromonadaceae	o__Prolixibacter;f__Prolixibacter;g__Prolixibacter;s__Prolixibacter_bellariivorans
CA-L227-2013.73.fasta	0	0	0	NA	unresolved
CA-L227-2013.74.fasta	0	0	0	NA	unresolved
CA-L227-2013.75.fasta	0	0	0	NA	unresolved
CA-L227-2013.76.fasta	55.23	3.23	20	k__Bacteria	unresolved
CA-L227-2013.77.fasta	0	0	0	NA	unresolved
CA-L227-2013.78.fasta	98.64	0.27	0	k__Bacteria;p__Bacteroidetes	c__Bacteroidia;o__Bacteroidales
CA-L227-2013.79.fasta	62.89	1.45	0	k__Bacteria;p__Proteobacteria;c__Gammaproteobacteria;o__Xanthomonadales	f__Sinobacteraceae
CA-L227-2013.8.fasta	0	0	0	NA	unresolved
CA-L227-2013.80.fasta	14.66	0	0	k__Bacteria	p__Lentisphaerae;c__Lentisphaeria;o__Victivallales;f__Victivallaceae;g__Victivallis;s__Victivallis_vadensis
CA-L227-2013.81.fasta	0	0	0	NA	unresolved
CA-L227-2013.82.fasta	0	0	0	NA	unresolved
CA-L227-2013.83.fasta	92.62	3.33	15.38	k__Bacteria;p__Bacteroidetes	unresolved
CA-L227-2013.84.fasta	0	0	0	NA	unresolved
CA-L227-2013.85.fasta	8.77	0	0	k__Bacteria;p__Proteobacteria;c__Deltaproteobacteria;o__Desulfuromonadales;f__Geobacteraceae;g__Geobacter	unresolved
CA-L227-2013.86.fasta	0.71	0.36	0	k__Bacteria;p__Thermotogae;c__Thermotogae;o__Thermotogales;f__Thermotogaceae	g__Thermotoga
CA-L227-2013.9.fasta	25.96	0	0	k__Bacteria	p__Fusobacteria;c__Fusobacteriia;o__Fusobacteriales
CA-L227-2013.unbinned.fasta	91.07	172.47	3.4	k__Bacteria;p__Actinobacteria;c__Actinobacteria;o__Actinomycetales	unresolved
CA-L227-2014.1.fasta	74.2	3.33	11.11	k__Bacteria;p__Bacteroidetes;c__Sphingobacteriia;o__Sphingobacteriales;f__Chitinophagaceae;g__Sediminibacterium	s__
CA-L227-2014.10.fasta	32.76	1.72	0	k__Bacteria;p__Bacteroidetes	c__Bacteroidia;o__Bacteroidales
CA-L227-2014.100.fasta	35.33	0	0	k__Bacteria;p__Verrucomicrobia;c__Verrucomicrobiae;o__Verrucomicrobiales;f__Verrucomicrobiaceae	g__Verrucomicrobium;s__Verrucomicrobium_spinosum
CA-L227-2014.101.fasta	0	0	0	NA	unresolved
CA-L227-2014.102.fasta	9.06	0	0	k__Bacteria	unresolved
CA-L227-2014.103.fasta	0	0	0	NA	unresolved
CA-L227-2014.104.fasta	93.92	0.57	0	k__Bacteria;p__Chlorobi;c__Chlorobia;o__Chlorobiales;f__Chlorobiaceae;g__Pelodictyon	s__Pelodictyon_phaeoclathratiforme
CA-L227-2014.105.fasta	36.84	1.75	0	k__Bacteria;p__Proteobacteria;c__Gammaproteobacteria;o__Methylococcales;f__Methylococcaceae	g__Methylobacter;s__Methylobacter_tundripaludum
CA-L227-2014.106.fasta	91.14	67.16	79.37	k__Bacteria;p__Chlorobi;c__Chlorobia;o__Chlorobiales;f__Chlorobiaceae;g__Pelodictyon	s__Pelodictyon_phaeoclathratiforme
CA-L227-2014.107.fasta	51.08	0.68	0	k__Bacteria	p__Verrucomicrobia
CA-L227-2014.108.fasta	90.16	1.12	0	k__Bacteria;p__Spirochaetes;c__Spirochaetia	p__Elusimicrobia;c__Candidatus_Endomicrobium;o__Candidatus_Endomicrobium;f__Candidatus_Endomicrobium;g__Candidatus_Endomicrobium;s__
CA-L227-2014.109.fasta	0	0	0	NA	unresolved
CA-L227-2014.11.fasta	0	0	0	NA	unresolved
CA-L227-2014.110.fasta	0	0	0	NA	unresolved
CA-L227-2014.111.fasta	0.71	0.36	0	k__Bacteria;p__Thermotogae;c__Thermotogae;o__Thermotogales;f__Thermotogaceae	g__Thermotoga
CA-L227-2014.112.fasta	68.35	0	0	k__Bacteria;p__Proteobacteria;c__Deltaproteobacteria;o__Desulfuromonadales;f__Geobacteraceae;g__Geobacter	f__Pelobacteraceae;g__Pelobacter;s__Pelobacter_propionicus
CA-L227-2014.113.fasta	99.02	0	0	k__Archaea;p__Euryarchaeota;c__Methanomicrobia;o__Methanosarcinales;f__Methanosaetaceae;g__Methanosaeta	s__Methanosaeta_concilii
CA-L227-2014.114.fasta	0	0	0	NA	unresolved
CA-L227-2014.115.fasta	18.97	0	0	k__Bacteria;p__Chlorobi;c__Chlorobia;o__Chlorobiales;f__Chlorobiaceae;g__Pelodictyon	s__Pelodictyon_phaeoclathratiforme
CA-L227-2014.12.fasta	79.37	47.77	1.28	k__Bacteria;p__Spirochaetes;c__Spirochaetia	p__Elusimicrobia;c__Candidatus_Endomicrobium;o__Candidatus_Endomicrobium;f__Candidatus_Endomicrobium;g__Candidatus_Endomicrobium;s__
CA-L227-2014.13.fasta	77.98	2.94	18.18	k__Bacteria;p__Proteobacteria;c__Betaproteobacteria;o__Burkholderiales;f__Comamonadaceae	g__Rhodoferax;s__Rhodoferax_ferrireducens
CA-L227-2014.14.fasta	0	0	0	NA	unresolved
CA-L227-2014.15.fasta	64.62	10.66	11.11	k__Bacteria	p__Firmicutes;c__Clostridia;o__Thermoanaerobacterales;f__Thermodesulfobiaceae;g__Thermodesulfobium;s__Thermodesulfobium_narugense
CA-L227-2014.16.fasta	79.31	55.17	27.66	k__Bacteria;p__Actinobacteria;c__Actinobacteria;o__Actinomycetales;f__Streptomycetaceae	f__Sporichthyaceae;g__Sporichthya;s__Sporichthya_polymorpha
CA-L227-2014.17.fasta	68.71	1.69	0	k__Bacteria;p__Spirochaetes;c__Spirochaetia	p__Elusimicrobia;c__Candidatus_Endomicrobium;o__Candidatus_Endomicrobium;f__Candidatus_Endomicrobium;g__Candidatus_Endomicrobium;s__
CA-L227-2014.18.fasta	0	0	0	NA	unresolved
CA-L227-2014.19.fasta	0	0	0	NA	unresolved
CA-L227-2014.2.fasta	88.88	70.82	24.04	k__Bacteria;p__Actinobacteria;c__Actinobacteria;o__Actinomycetales	unresolved
CA-L227-2014.20.fasta	93.57	60.17	48.39	k__Bacteria;p__Bacteroidetes;c__Bacteroidia;o__Bacteroidales;f__Porphyromonadaceae	o__Prolixibacter;f__Prolixibacter;g__Prolixibacter;s__Prolixibacter_bellariivorans
CA-L227-2014.21.fasta	0	0	0	NA	unresolved
CA-L227-2014.22.fasta	36.63	0.68	100	k__Bacteria;p__Proteobacteria;c__Deltaproteobacteria	o__Syntrophobacterales;f__Syntrophaceae;g__Desulfomonile;s__Desulfomonile_tiedjei
CA-L227-2014.23.fasta	18.86	0	0	k__Bacteria;p__Proteobacteria;c__Gammaproteobacteria;o__Legionellales	f__Legionellaceae;g__Legionella;s__Legionella_pneumophila
CA-L227-2014.24.fasta	93.51	0.65	0	k__Bacteria;p__Proteobacteria;c__Deltaproteobacteria	o__Syntrophobacterales;f__Syntrophaceae;g__Desulfomonile;s__Desulfomonile_tiedjei
CA-L227-2014.25.fasta	65.5	0	0	k__Archaea (root)	k__Archaea
CA-L227-2014.26.fasta	0	0	0	k__Bacteria;p__Proteobacteria;c__Gammaproteobacteria;o__Alteromonadales	f__Shewanellaceae;g__Shewanella;s__Shewanella_baltica
CA-L227-2014.27.fasta	83.45	4.9	0	k__Bacteria;p__Verrucomicrobia;c__Verrucomicrobiae;o__Verrucomicrobiales	f__Verrucomicrobia_subdivision_3;g__Pedosphaera;s__Pedosphaera_parvula
CA-L227-2014.28.fasta	39.59	0	0	k__Bacteria;p__Chlorobi;c__Chlorobia;o__Chlorobiales;f__Chlorobiaceae;g__Pelodictyon	s__Pelodictyon_phaeoclathratiforme
CA-L227-2014.29.fasta	83.32	45.52	47.37	k__Bacteria;p__Actinobacteria;c__Actinobacteria;o__Actinomycetales;f__Streptomycetaceae	f__Sporichthyaceae;g__Sporichthya;s__Sporichthya_polymorpha
CA-L227-2014.3.fasta	33.34	2.29	57.14	k__Bacteria;p__Proteobacteria;c__Alphaproteobacteria;o__Rhodospirillales;f__Rhodospirillaceae;g__Azospirillum	unresolved
CA-L227-2014.30.fasta	18.1	0	0	k__Bacteria;p__Bacteroidetes;c__Flavobacteriia;o__Flavobacteriales	f__Cryomorphaceae
CA-L227-2014.31.fasta	17.64	0	0	k__Bacteria	p__Lentisphaerae;c__Lentisphaeria;o__Victivallales;f__Victivallaceae;g__Victivallis;s__Victivallis_vadensis
CA-L227-2014.32.fasta	71.38	3.93	11.11	k__Bacteria;p__Proteobacteria	g__Bdellovibrio;s__Bdellovibrio_bacteriovorus
CA-L227-2014.33.fasta	0	0	0	NA	unresolved
CA-L227-2014.34.fasta	20.67	0	0	k__Bacteria;p__Verrucomicrobia;c__Verrucomicrobiae;o__Verrucomicrobiales	f__Verrucomicrobia_subdivision_3;g__Pedosphaera;s__Pedosphaera_parvula
CA-L227-2014.35.fasta	44.81	0	0	k__Bacteria;p__Proteobacteria;c__Betaproteobacteria;o__Burkholderiales;f__Burkholderiaceae;g__Polynucleobacter;s__Polynucleobacter_necessarius	unresolved
CA-L227-2014.36.fasta	0	0	0	NA	unresolved
CA-L227-2014.37.fasta	79.86	0.37	0	k__Bacteria;p__Proteobacteria;c__Gammaproteobacteria;o__Methylococcales;f__Methylococcaceae	g__Methylobacter;s__Methylobacter_tundripaludum
CA-L227-2014.38.fasta	93.11	0.55	100	k__Bacteria;p__Chlorobi;c__Chlorobia;o__Chlorobiales;f__Chlorobiaceae;g__Pelodictyon	s__Pelodictyon_phaeoclathratiforme
CA-L227-2014.39.fasta	27.59	0	0	k__Bacteria;p__Verrucomicrobia;c__Verrucomicrobiae;o__Verrucomicrobiales	f__Verrucomicrobia_subdivision_3;g__Pedosphaera;s__Pedosphaera_parvula
CA-L227-2014.4.fasta	94.59	1.35	0	k__Bacteria;p__Verrucomicrobia;c__Verrucomicrobiae;o__Verrucomicrobiales;f__Verrucomicrobiaceae	unresolved
CA-L227-2014.40.fasta	21.55	1.72	0	k__Bacteria	p__Lentisphaerae;c__Lentisphaeria;o__Victivallales;f__Victivallaceae;g__Victivallis;s__Victivallis_vadensis
CA-L227-2014.41.fasta	97.25	3.3	14.29	k__Bacteria;p__Chlorobi;c__Chlorobia;o__Chlorobiales;f__Chlorobiaceae;g__Pelodictyon	s__Pelodictyon_phaeoclathratiforme
CA-L227-2014.42.fasta	0	0	0	NA	unresolved
CA-L227-2014.43.fasta	0	0	0	k__Bacteria;p__Proteobacteria;c__Gammaproteobacteria;o__Methylococcales;f__Methylococcaceae	g__Methylobacter;s__Methylobacter_tundripaludum
CA-L227-2014.44.fasta	50.37	2.09	0	k__Bacteria;p__Verrucomicrobia;c__Verrucomicrobiae;o__Verrucomicrobiales	f__Verrucomicrobia_subdivision_3;g__Pedosphaera;s__Pedosphaera_parvula
CA-L227-2014.45.fasta	77.96	0.11	0	k__Bacteria;p__Bacteroidetes;c__Bacteroidia;o__Bacteroidales	f__Porphyromonadaceae;g__Paludibacter;s__Paludibacter_propionicigenes
CA-L227-2014.46.fasta	83.78	1.01	0	k__Bacteria;p__Verrucomicrobia;c__Verrucomicrobiae;o__Verrucomicrobiales;f__Verrucomicrobiaceae	unresolved
CA-L227-2014.47.fasta	0	0	0	NA	unresolved
CA-L227-2014.48.fasta	52.58	2.5	28.57	k__Bacteria;p__Actinobacteria;c__Actinobacteria;o__Actinomycetales;f__Streptomycetaceae	f__Sporichthyaceae;g__Sporichthya;s__Sporichthya_polymorpha
CA-L227-2014.49.fasta	95.41	2.13	20	k__Bacteria;p__Proteobacteria;c__Deltaproteobacteria;o__Myxococcales;f__Myxococcaceae	g__Anaeromyxobacter;s__Anaeromyxobacter_dehalogenans
CA-L227-2014.5.fasta	8.33	0	0	NA	unresolved
CA-L227-2014.50.fasta	0	0	0	NA	unresolved
CA-L227-2014.51.fasta	40.86	1.75	100	k__Bacteria;p__Acidobacteria;c__Holophagae;o__Holophagales;f__Holophagaceae	g__Geothrix;s__Geothrix_fermentans
CA-L227-2014.52.fasta	87.65	0.84	50	k__Bacteria;p__Verrucomicrobia;c__Verrucomicrobiae;o__Verrucomicrobiales;f__Verrucomicrobiaceae	unresolved
CA-L227-2014.53.fasta	68.63	3.29	80	k__Archaea;p__Euryarchaeota;c__Methanomicrobia;o__Methanomicrobiales;f__Methanoregulaceae	unresolved
CA-L227-2014.54.fasta	34.87	0	0	k__Bacteria;p__Actinobacteria;c__Actinobacteria;o__Actinomycetales	f__Streptomycetaceae;g__Streptomyces;s__Streptomyces_cattleya
CA-L227-2014.55.fasta	49.78	0.46	0	k__Bacteria;p__Proteobacteria;c__Betaproteobacteria;o__Rhodocyclales;f__Rhodocyclaceae	g__Methyloversatilis;s__Methyloversatilis_universalis
CA-L227-2014.56.fasta	2.76	0.14	50	k__Archaea (root)	k__Archaea
CA-L227-2014.57.fasta	0	0	0	NA	unresolved
CA-L227-2014.58.fasta	23.28	0	0	k__Bacteria;p__Proteobacteria;c__Betaproteobacteria;o__Burkholderiales;f__Comamonadaceae	g__Rhodoferax;s__Rhodoferax_ferrireducens
CA-L227-2014.59.fasta	22.89	0	0	k__Bacteria;p__Proteobacteria;c__Deltaproteobacteria;o__Desulfobacterales;f__Desulfobacteraceae	g__Desulfatirhabdium;s__Desulfatirhabdium_butyrativorans
CA-L227-2014.6.fasta	70.86	0.56	0	k__Bacteria;p__Proteobacteria;c__Betaproteobacteria;o__Methylophilales;f__Methylophilaceae	unresolved
CA-L227-2014.60.fasta	39.56	0	0	k__Bacteria;p__Planctomycetes;c__Planctomycetia;o__Planctomycetales;f__Planctomycetaceae	unresolved
CA-L227-2014.61.fasta	98.21	0.63	0	k__Bacteria;p__Bacteroidetes	c__Bacteroidia;o__Bacteroidales
CA-L227-2014.62.fasta	98.28	0.29	50	k__Bacteria;p__Bacteroidetes	c__Bacteroidia;o__Bacteroidales
CA-L227-2014.63.fasta	0	0	0	NA	unresolved
CA-L227-2014.64.fasta	64.41	2.8	0	k__Archaea (root)	k__Archaea
CA-L227-2014.65.fasta	52.63	22.81	92.31	k__Bacteria;p__Acidobacteria;c__Holophagae;o__Holophagales;f__Holophagaceae	g__Geothrix;s__Geothrix_fermentans
CA-L227-2014.66.fasta	62.67	2.03	25	k__Bacteria	p__Verrucomicrobia
CA-L227-2014.67.fasta	58.87	5.17	25	k__Bacteria;p__Chlorobi;c__Chlorobia;o__Chlorobiales;f__Chlorobiaceae;g__Pelodictyon	s__Pelodictyon_phaeoclathratiforme
CA-L227-2014.68.fasta	93.15	0.97	0	k__Bacteria;p__Proteobacteria;c__Betaproteobacteria;o__Burkholderiales;f__Comamonadaceae	g__Rhodoferax;s__Rhodoferax_ferrireducens
CA-L227-2014.69.fasta	47.98	5.56	0	k__Bacteria	p__Armatimonadetes;c__Chthonomonadetes;o__Chthonomonadales;f__Chthonomonadaceae;g__Chthonomonas;s__Chthonomonas_calidirosea
CA-L227-2014.7.fasta	0	0	0	NA	unresolved
CA-L227-2014.70.fasta	31.03	0	0	k__Bacteria;p__Actinobacteria;c__Actinobacteria;o__Actinomycetales;f__Streptomycetaceae	f__Sporichthyaceae;g__Sporichthya;s__Sporichthya_polymorpha
CA-L227-2014.71.fasta	67.29	3.23	0	k__Bacteria	p__Planctomycetes;c__Planctomycetia;o__Planctomycetales;f__Planctomycetaceae
CA-L227-2014.72.fasta	0	0	0	NA	unresolved
CA-L227-2014.73.fasta	66.04	0.41	0	k__Bacteria;p__Spirochaetes;c__Spirochaetia	p__Elusimicrobia;c__Candidatus_Endomicrobium;o__Candidatus_Endomicrobium;f__Candidatus_Endomicrobium;g__Candidatus_Endomicrobium;s__
CA-L227-2014.74.fasta	79.89	64.15	60.73	k__Bacteria;p__Proteobacteria;c__Betaproteobacteria;o__Burkholderiales;f__Comamonadaceae	g__Rhodoferax;s__Rhodoferax_ferrireducens
CA-L227-2014.75.fasta	0	0	0	k__Bacteria;p__Proteobacteria;c__Gammaproteobacteria;o__Enterobacteriales;f__Enterobacteriaceae;g__Buchnera;s__Buchnera_aphidicola	unresolved
CA-L227-2014.76.fasta	19.83	6.9	25	k__Bacteria;p__Bacteroidetes;c__Bacteroidia;o__Bacteroidales	f__Rikenellaceae;g__Alistipes
CA-L227-2014.77.fasta	32.76	0	0	k__Bacteria;p__Proteobacteria;c__Betaproteobacteria;o__Methylophilales;f__Methylophilaceae;g__Methylotenera	s__Methylotenera_versatilis
CA-L227-2014.78.fasta	3.27	0	0	k__Archaea;p__Euryarchaeota;c__Methanomicrobia;o__Methanomicrobiales;f__Methanoregulaceae	unresolved
CA-L227-2014.79.fasta	33.19	0	0	k__Bacteria;p__Actinobacteria;c__Actinobacteria;o__Actinomycetales;f__Streptomycetaceae	f__Sporichthyaceae;g__Sporichthya;s__Sporichthya_polymorpha
CA-L227-2014.8.fasta	4.17	0	0	NA	unresolved
CA-L227-2014.80.fasta	0	0	0	NA	unresolved
CA-L227-2014.81.fasta	73.68	1.35	0	k__Bacteria	p__Verrucomicrobia
CA-L227-2014.82.fasta	21.55	0	0	k__Bacteria;p__Bacteroidetes	unresolved
CA-L227-2014.83.fasta	0	0	0	NA	unresolved
CA-L227-2014.84.fasta	0	0	0	NA	unresolved
CA-L227-2014.85.fasta	0	0	0	NA	unresolved
CA-L227-2014.86.fasta	54.99	0.4	0	k__Bacteria;p__Spirochaetes;c__Spirochaetia;o__Spirochaetales;f__Spirochaetaceae	g__Spirochaeta;s__Spirochaeta_cellobiosiphila
CA-L227-2014.87.fasta	0	0	0	NA	unresolved
CA-L227-2014.88.fasta	97.85	3.76	12.5	k__Bacteria;p__Bacteroidetes	c__Bacteroidia;o__Bacteroidales
CA-L227-2014.89.fasta	1.8	0.79	0	k__Archaea (root)	k__Archaea
CA-L227-2014.9.fasta	0	0	0	NA	unresolved
CA-L227-2014.90.fasta	72.77	0.99	0	k__Bacteria;p__Chloroflexi;c__Dehalococcoidetes	o__Dehalococcoidales;f__Dehalococcoidaceae;g__Dehalococcoides;s__Dehalococcoides_mccartyi
CA-L227-2014.91.fasta	90.39	1.15	0	k__Bacteria;p__Proteobacteria;c__Gammaproteobacteria;o__Methylococcales;f__Methylococcaceae	g__Methylovulum;s__Methylovulum_miyakonense
CA-L227-2014.92.fasta	77.45	27.64	79.73	k__Bacteria;p__Chlorobi;c__Chlorobia;o__Chlorobiales;f__Chlorobiaceae;g__Pelodictyon	s__Pelodictyon_phaeoclathratiforme
CA-L227-2014.93.fasta	41.9	1.72	100	k__Bacteria;p__Actinobacteria;c__Actinobacteria;o__Actinomycetales	f__Kineosporiaceae;g__Kineococcus;s__Kineococcus_radiotolerans
CA-L227-2014.94.fasta	42.71	0	0	k__Bacteria;p__Proteobacteria;c__Betaproteobacteria;o__Burkholderiales;f__Comamonadaceae	g__Rhodoferax;s__Rhodoferax_ferrireducens
CA-L227-2014.95.fasta	89.51	3.37	0	k__Bacteria;p__Spirochaetes;c__Spirochaetia	p__Elusimicrobia;c__Candidatus_Endomicrobium;o__Candidatus_Endomicrobium;f__Candidatus_Endomicrobium;g__Candidatus_Endomicrobium;s__
CA-L227-2014.96.fasta	0	0	0	NA	unresolved
CA-L227-2014.97.fasta	98.67	16.07	21.05	k__Bacteria;p__Bacteroidetes	c__Bacteroidia;o__Bacteroidales
CA-L227-2014.98.fasta	12.85	0.31	0	k__Bacteria	unresolved
CA-L227-2014.99.fasta	0	0	0	NA	unresolved
CA-L227-2014.unbinned.fasta	99.07	289.88	3.71	k__Bacteria;p__Spirochaetes;c__Spirochaetia;o__Spirochaetales;f__Spirochaetaceae	g__Spirochaeta
L227-2013-6m.001.fasta	3.55	0	0	k__Bacteria;p__Acidobacteria;c__Holophagae;o__Holophagales;f__Holophagaceae	g__Geothrix;s__Geothrix_fermentans
L227-2013-6m.002.fasta	92.1	1.3	40	k__Bacteria;p__Proteobacteria;c__Gammaproteobacteria;o__Methylococcales;f__Methylococcaceae	g__Methylobacter;s__Methylobacter_tundripaludum
L227-2013-6m.003.fasta	48.77	1.75	50	k__Bacteria;p__Acidobacteria;c__Holophagae;o__Holophagales;f__Holophagaceae	g__Geothrix;s__Geothrix_fermentans
L227-2013-6m.004.fasta	96.21	0	0	k__Bacteria;p__Planctomycetes;c__Planctomycetia;o__Planctomycetales;f__Planctomycetaceae	unresolved
L227-2013-6m.005.fasta	93.02	1.44	33.33	k__Bacteria;p__Proteobacteria;c__Gammaproteobacteria;o__Methylococcales;f__Methylococcaceae	g__Methylovulum;s__Methylovulum_miyakonense
L227-2013-6m.006.fasta	14.63	0	0	k__Bacteria;p__Chlorobi;c__Chlorobia;o__Chlorobiales;f__Chlorobiaceae;g__Pelodictyon	s__Pelodictyon_phaeoclathratiforme
L227-2013-6m.007.fasta	98.65	0.46	0	k__Bacteria;p__Verrucomicrobia;c__Verrucomicrobiae;o__Verrucomicrobiales;f__Verrucomicrobiaceae	unresolved
L227-2013-6m.008.fasta	4.08	0	0	k__Bacteria;p__Chlorobi;c__Chlorobia;o__Chlorobiales;f__Chlorobiaceae;g__Pelodictyon	s__Pelodictyon_phaeoclathratiforme
L227-2013-6m.009.fasta	95.43	0.97	50	k__Bacteria;p__Proteobacteria;c__Betaproteobacteria;o__Burkholderiales;f__Comamonadaceae	g__Rhodoferax;s__Rhodoferax_ferrireducens
L227-2013-6m.010.fasta	89.15	27.41	4.69	k__Bacteria;p__Proteobacteria;c__Deltaproteobacteria;o__Desulfobacterales;f__Desulfobacteraceae	g__Desulfatirhabdium;s__Desulfatirhabdium_butyrativorans
L227-2013-6m.011.fasta	0	0	0	NA	unresolved
L227-2013-6m.012.fasta	0	0	0	NA	unresolved
L227-2013-6m.013.fasta	12.5	12.5	33.33	NA	unresolved
L227-2013-6m.014.fasta	60.83	10.96	26.67	k__Bacteria;p__Proteobacteria;c__Betaproteobacteria;o__Burkholderiales;f__Comamonadaceae	g__Rhodoferax;s__Rhodoferax_ferrireducens
L227-2013-6m.015.fasta	93.7	55.51	6.07	k__Bacteria;p__Proteobacteria;c__Alphaproteobacteria;o__Rhodospirillales;f__Rhodospirillaceae;g__Azospirillum	unresolved
L227-2013-6m.016.fasta	68.39	22.99	44.12	k__Bacteria;p__Proteobacteria;c__Betaproteobacteria;o__Methylophilales;f__Methylophilaceae;g__Methylotenera	s__Methylotenera_versatilis
L227-2013-6m.017.fasta	72.71	11.23	42.86	k__Bacteria;p__Actinobacteria;c__Actinobacteria;o__Actinomycetales;f__Streptomycetaceae	f__Sporichthyaceae;g__Sporichthya;s__Sporichthya_polymorpha
L227-2013-6m.018.fasta	0	0	0	NA	unresolved
L227-2013-6m.019.fasta	26.22	5.65	35.71	k__Bacteria;p__Proteobacteria;c__Betaproteobacteria;o__Burkholderiales;f__Comamonadaceae	g__Rhodoferax;s__Rhodoferax_ferrireducens
L227-2013-6m.020.fasta	75.86	24.49	1.37	k__Bacteria	p__Verrucomicrobia
L227-2013-6m.021.fasta	85.24	3.49	0	k__Bacteria;p__Proteobacteria;c__Alphaproteobacteria;o__Rhodospirillales;f__Rhodospirillaceae;g__Azospirillum	unresolved
L227-2013-6m.022.fasta	3.45	0	0	k__Bacteria;p__Proteobacteria;c__Gammaproteobacteria;o__Pasteurellales;f__Pasteurellaceae;g__Mannheimia;s__Mannheimia_haemolytica	unresolved
L227-2013-6m.023.fasta	27.74	8.62	100	k__Bacteria;p__Proteobacteria;c__Betaproteobacteria;o__Burkholderiales;f__Comamonadaceae	g__Rhodoferax;s__Rhodoferax_ferrireducens
L227-2013-6m.024.fasta	96.35	8.52	0	k__Bacteria;p__Verrucomicrobia;c__Verrucomicrobiae;o__Verrucomicrobiales;f__Verrucomicrobiaceae	unresolved
L227-2013-6m.025.fasta	19.49	6.43	13.79	k__Bacteria;p__Verrucomicrobia;c__Verrucomicrobiae;o__Verrucomicrobiales	f__Verrucomicrobia_subdivision_3;g__Pedosphaera;s__Pedosphaera_parvula
L227-2013-6m.026.fasta	63.28	22.85	4.44	k__Bacteria;p__Verrucomicrobia;c__Opitutae;o__Opitutales;f__Opitutaceae	g__Opitutus;s__Opitutus_terrae
L227-2013-6m.027.fasta	8.33	0	0	NA	unresolved
L227-2013-6m.028.fasta	46.08	18.57	6.67	k__Bacteria;p__Chlorobi;c__Chlorobia;o__Chlorobiales;f__Chlorobiaceae;g__Pelodictyon	s__Pelodictyon_phaeoclathratiforme
L227-2013-6m.029.fasta	71.46	22.45	16.28	k__Bacteria;p__Actinobacteria;c__Actinobacteria;o__Actinomycetales;f__Streptomycetaceae	f__Sporichthyaceae;g__Sporichthya;s__Sporichthya_polymorpha
L227-2013-6m.030.fasta	34.31	0	0	k__Bacteria;p__Bacteroidetes;c__Sphingobacteriia;o__Sphingobacteriales;f__Chitinophagaceae	g__Sediminibacterium
L227-2013-6m.031.fasta	75.97	28.44	0	k__Bacteria;p__Chloroflexi;c__Dehalococcoidetes	o__Dehalococcoidales;f__Dehalococcoidaceae;g__Dehalococcoides;s__Dehalococcoides_mccartyi
L227-2013-6m.032.fasta	68.76	28.89	1.41	k__Bacteria;p__Spirochaetes;c__Spirochaetia	p__Elusimicrobia;c__Candidatus_Endomicrobium;o__Candidatus_Endomicrobium;f__Candidatus_Endomicrobium;g__Candidatus_Endomicrobium;s__
L227-2013-6m.033.fasta	60	16.73	15.22	k__Bacteria;p__Actinobacteria;c__Actinobacteria;o__Actinomycetales	unresolved
L227-2013-6m.034.fasta	59.08	10.98	8.33	k__Bacteria;p__Bacteroidetes;c__Bacteroidia;o__Bacteroidales;f__Porphyromonadaceae	o__Prolixibacter;f__Prolixibacter;g__Prolixibacter;s__Prolixibacter_bellariivorans
L227-2013-6m.035.fasta	52.2	6.34	4	k__Bacteria;p__Spirochaetes;c__Spirochaetia;o__Spirochaetales;f__Spirochaetaceae;g__Treponema	unresolved
L227-2014-8m.001.fasta	93.88	2.11	61.9	k__Bacteria;p__Proteobacteria;c__Gammaproteobacteria;o__Methylococcales;f__Methylococcaceae	g__Methylobacter;s__Methylobacter_tundripaludum
L227-2014-8m.002.fasta	41.01	0	0	k__Archaea;p__Euryarchaeota;c__Methanomicrobia;o__Methanomicrobiales;f__Methanoregulaceae	g__Methanoregula;s__Methanoregula_formicicum
L227-2014-8m.003.fasta	97.56	2.69	0	k__Bacteria;p__Bacteroidetes	c__Bacteroidia;o__Bacteroidales
L227-2014-8m.004.fasta	98.69	0	0	k__Archaea;p__Euryarchaeota;c__Methanomicrobia;o__Methanosarcinales;f__Methanosaetaceae;g__Methanosaeta	s__Methanosaeta_concilii
L227-2014-8m.005.fasta	57.71	27.19	32.61	k__Bacteria;p__Acidobacteria;c__Holophagae;o__Holophagales;f__Holophagaceae	g__Geothrix;s__Geothrix_fermentans
L227-2014-8m.006.fasta	95.45	7.15	2.08	k__Bacteria;p__Proteobacteria;c__Gammaproteobacteria;o__Methylococcales;f__Methylococcaceae	g__Methylobacter;s__Methylobacter_tundripaludum
L227-2014-8m.007.fasta	78.72	0.75	45.45	k__Bacteria;p__Proteobacteria;c__Betaproteobacteria;o__Burkholderiales;f__Burkholderiaceae	g__Polynucleobacter;s__Polynucleobacter_necessarius
L227-2014-8m.008.fasta	8.23	1.71	48.15	k__Bacteria;p__Proteobacteria;c__Betaproteobacteria;o__Burkholderiales;f__Comamonadaceae	g__Rhodoferax;s__Rhodoferax_ferrireducens
L227-2014-8m.009.fasta	90.63	10.62	42.11	k__Archaea;p__Euryarchaeota;c__Methanomicrobia;o__Methanomicrobiales;f__Methanoregulaceae	g__Methanolinea;s__Methanolinea_tarda
L227-2014-8m.010.fasta	90.45	2.35	0	k__Bacteria;p__Spirochaetes;c__Spirochaetia	p__Elusimicrobia;c__Candidatus_Endomicrobium;o__Candidatus_Endomicrobium;f__Candidatus_Endomicrobium;g__Candidatus_Endomicrobium;s__
L227-2014-8m.011.fasta	85.58	79.14	36.67	k__Bacteria	p__Chlorobi;c__Chlorobia;o__Chlorobiales;f__Chlorobiaceae
L227-2014-8m.012.fasta	73.45	11.48	0	k__Archaea (root)	k__Archaea
L227-2014-8m.013.fasta	73.14	27.09	1.64	k__Bacteria;p__Proteobacteria;c__Deltaproteobacteria	o__Deferrisoma;f__Deferrisoma;g__Deferrisoma;s__Deferrisoma_camini
L227-2014-8m.014.fasta	65.5	14.54	7.81	k__Bacteria;p__Proteobacteria;c__Betaproteobacteria;o__Methylophilales;f__Methylophilaceae	g__Methylovorus
L227-2014-8m.015.fasta	9.16	0.16	100	k__Bacteria;p__Planctomycetes;c__Planctomycetia;o__Planctomycetales;f__Planctomycetaceae	g__Rhodopirellula
L227-2014-8m.016.fasta	37.38	6.03	25	k__Bacteria;p__Proteobacteria;c__Betaproteobacteria;o__Burkholderiales;f__Comamonadaceae	g__Rhodoferax;s__Rhodoferax_ferrireducens
L227-2014-8m.017.fasta	88.4	30.61	0	k__Bacteria;p__Verrucomicrobia;c__Verrucomicrobiae;o__Verrucomicrobiales;f__Verrucomicrobiaceae	unresolved
L227-2014-8m.018.fasta	76.74	2.58	0	k__Bacteria;p__Proteobacteria;c__Deltaproteobacteria;o__Myxococcales;f__Myxococcaceae	g__Anaeromyxobacter;s__Anaeromyxobacter_dehalogenans
L227-2014-8m.019.fasta	44.85	10.28	3.03	k__Bacteria	unresolved
L227-2014-8m.020.fasta	76.1	20.45	11.11	k__Bacteria;p__Bacteroidetes	c__Bacteroidia;o__Bacteroidales
L227-2014-8m.021.fasta	60.21	5.26	54.55	k__Bacteria;p__Actinobacteria;c__Actinobacteria;o__Actinomycetales;f__Streptomycetaceae	f__Sporichthyaceae;g__Sporichthya;s__Sporichthya_polymorpha
L227-2014-8m.022.fasta	44.25	4.84	0	k__Bacteria	p__Planctomycetes;c__Planctomycetia;o__Planctomycetales;f__Planctomycetaceae
L442-2011-16-5m.001.fasta	72.61	1.7	0	k__Bacteria;p__Planctomycetes;c__Planctomycetia;o__Planctomycetales;f__Planctomycetaceae	unresolved
L442-2011-16-5m.002.fasta	0.74	0	0	k__Bacteria;p__Proteobacteria;c__Gammaproteobacteria;o__Methylococcales;f__Methylococcaceae	g__Methylobacter;s__Methylobacter_tundripaludum
L442-2011-16-5m.003.fasta	90.93	0.23	0	k__Bacteria;p__Proteobacteria;c__Betaproteobacteria	unresolved
L442-2011-16-5m.004.fasta	5.17	0	0	k__Bacteria;p__Proteobacteria;c__Betaproteobacteria;o__Methylophilales;f__Methylophilaceae	g__Methylophilus
L442-2011-16-5m.005.fasta	89.62	1.3	25	k__Bacteria;p__Proteobacteria;c__Gammaproteobacteria;o__Methylococcales;f__Methylococcaceae	g__Methylobacter;s__Methylobacter_tundripaludum
L442-2011-16-5m.006.fasta	94.2	1.64	0	k__Bacteria;p__Proteobacteria;c__Betaproteobacteria;o__Rhodocyclales;f__Rhodocyclaceae	g__Methyloversatilis;s__Methyloversatilis_universalis
L442-2011-16-5m.007.fasta	87.04	2.88	50	k__Bacteria;p__Proteobacteria;c__Gammaproteobacteria;o__Methylococcales;f__Methylococcaceae	g__Methylovulum;s__Methylovulum_miyakonense
L442-2011-16-5m.008.fasta	89.08	3.32	23.08	k__Bacteria;p__Chlorobi;c__Chlorobia;o__Chlorobiales;f__Chlorobiaceae;g__Pelodictyon	s__Pelodictyon_phaeoclathratiforme
L442-2011-16-5m.009.fasta	97.83	2.74	68.42	k__Bacteria;p__Proteobacteria;c__Betaproteobacteria;o__Burkholderiales;f__Comamonadaceae	g__Rhodoferax;s__Rhodoferax_ferrireducens
L442-2011-16-5m.010.fasta	75.07	0.68	0	k__Bacteria	p__Verrucomicrobia
L442-2011-16-5m.011.fasta	5.75	0	0	k__Bacteria;p__Verrucomicrobia;c__Opitutae;o__Opitutales	o__Puniceicoccales;f__Puniceicoccaceae;g__Coraliomargarita;s__Coraliomargarita_akajimensis
L442-2011-16-5m.012.fasta	93.13	14.04	19.05	k__Bacteria;p__Acidobacteria;c__Holophagae;o__Holophagales;f__Holophagaceae	g__Geothrix;s__Geothrix_fermentans
L442-2011-16-5m.013.fasta	98.28	41.93	0	k__Bacteria;p__Proteobacteria;c__Betaproteobacteria;o__Methylophilales	unresolved
L442-2011-16-5m.014.fasta	39.25	2.68	11.11	k__Bacteria;p__Proteobacteria;c__Betaproteobacteria;o__Burkholderiales;f__Burkholderiaceae	g__Polynucleobacter;s__Polynucleobacter_necessarius
L442-2011-16-5m.015.fasta	86.94	0.81	50	k__Bacteria;p__Verrucomicrobia;c__Verrucomicrobiae;o__Verrucomicrobiales;f__Verrucomicrobiaceae	g__Verrucomicrobium
L442-2011-16-5m.016.fasta	53.45	1.72	100	k__Bacteria;p__Proteobacteria;c__Betaproteobacteria;o__Burkholderiales	f__Burkholderiaceae;g__Lautropia;s__Lautropia_mirabilis
L442-2011-16-5m.017.fasta	16.21	5.17	33.33	k__Bacteria;p__Actinobacteria;c__Actinobacteria	o__Acidimicrobiales;f__Acidimicrobiaceae;g__Acidimicrobium;s__Acidimicrobium_ferrooxidans
L442-2011-16-5m.018.fasta	94.92	2.57	6.25	k__Bacteria;p__Proteobacteria;c__Betaproteobacteria;o__Nitrosomonadales;f__Nitrosomonadaceae	g__Nitrosospira
L442-2011-16-5m.019.fasta	60.53	0	0	k__Bacteria;p__Proteobacteria;c__Gammaproteobacteria;o__Methylococcales;f__Methylococcaceae	g__Methylovulum;s__Methylovulum_miyakonense
L442-2011-16-5m.020.fasta	85.36	33.03	1.03	k__Bacteria;p__Actinobacteria;c__Actinobacteria;o__Actinomycetales;f__Streptomycetaceae	f__Sporichthyaceae;g__Sporichthya;s__Sporichthya_polymorpha
L442-2011-16-5m.021.fasta	93.59	1.38	0	k__Bacteria;p__Actinobacteria;c__Actinobacteria	o__Acidimicrobiales;f__Acidimicrobiaceae;g__Acidimicrobium;s__Acidimicrobium_ferrooxidans
L442-2011-16-5m.022.fasta	73.88	1.29	0	k__Bacteria;p__Proteobacteria;c__Deltaproteobacteria;o__Desulfobacterales;f__Desulfobacteraceae	g__Desulfatirhabdium;s__Desulfatirhabdium_butyrativorans
L442-2011-16-5m.023.fasta	74.84	4.95	0	k__Bacteria	unresolved
L442-2011-16-5m.024.fasta	62.69	1.61	33.33	k__Bacteria;p__Proteobacteria;c__Deltaproteobacteria	o__Syntrophobacterales;f__Syntrophaceae;g__Desulfomonile;s__Desulfomonile_tiedjei
L442-2011-16-5m.025.fasta	77.59	0	0	k__Bacteria;p__Proteobacteria;c__Betaproteobacteria	o__Gallionellales;f__Gallionellaceae;g__Gallionella;s__Gallionella_capsiferriformans
L442-2011-16-5m.026.fasta	67.46	1.7	16.67	k__Bacteria;p__Chlorobi;c__Chlorobia;o__Chlorobiales;f__Chlorobiaceae;g__Pelodictyon	s__Pelodictyon_phaeoclathratiforme
L442-2011-16-5m.027.fasta	64.88	22.82	5.76	k__Bacteria;p__Proteobacteria;c__Betaproteobacteria;o__Burkholderiales;f__Burkholderiaceae	g__Polynucleobacter;s__Polynucleobacter_necessarius
L442-2011-16-5m.028.fasta	19.78	5.17	25	k__Bacteria;p__Proteobacteria;c__Betaproteobacteria;o__Burkholderiales;f__Comamonadaceae	g__Rhodoferax;s__Rhodoferax_ferrireducens
L442-2011-16-5m.029.fasta	1.33	0	0	k__Bacteria;p__Actinobacteria;c__Actinobacteria;o__Actinomycetales	f__Kineosporiaceae;g__Kineococcus;s__Kineococcus_radiotolerans
L442-2011-16-5m.030.fasta	28.21	8.69	65.91	k__Bacteria;p__Proteobacteria;c__Betaproteobacteria;o__Burkholderiales;f__Comamonadaceae	g__Rhodoferax;s__Rhodoferax_ferrireducens
L442-2011-16-5m.031.fasta	0	0	0	NA	unresolved
L442-2011-16-5m.032.fasta	53.56	0	0	k__Bacteria	p__Verrucomicrobia
L442-2011-16-5m.033.fasta	57.35	14.51	27.27	k__Bacteria;p__Proteobacteria;c__Gammaproteobacteria;o__Methylococcales;f__Methylococcaceae	g__Methylobacter;s__Methylobacter_tundripaludum
L442-2011-16-5m.034.fasta	50.88	0	0	k__Bacteria;p__Proteobacteria;c__Gammaproteobacteria;o__Methylococcales;f__Methylococcaceae	g__Methylovulum;s__Methylovulum_miyakonense
L442-2011-16-5m.035.fasta	57.02	0	0	k__Bacteria;p__Planctomycetes;c__Planctomycetia;o__Planctomycetales;f__Planctomycetaceae	g__Blastopirellula;s__Blastopirellula_marina
L442-2011-16-5m.036.fasta	28.13	3.76	0	k__Bacteria (root)	k__Bacteria
L442-2011-16-5m.037.fasta	83.67	16.75	0	k__Bacteria;p__Actinobacteria;c__Actinobacteria	o__Acidimicrobiales;f__Acidimicrobiaceae;g__Acidimicrobium;s__Acidimicrobium_ferrooxidans
L442-2011-16-5m.038.fasta	44.1	14.08	5.88	k__Bacteria;p__Bacteroidetes;c__Sphingobacteriia;o__Sphingobacteriales;f__Chitinophagaceae	g__Sediminibacterium
L442-2011-16-5m.039.fasta	46.92	4.39	0	k__Bacteria;p__Bacteroidetes;c__Bacteroidia;o__Bacteroidales;f__Porphyromonadaceae	o__Prolixibacter;f__Prolixibacter;g__Prolixibacter;s__Prolixibacter_bellariivorans
L442-2011-16-5m.040.fasta	57.2	24.5	5.8	k__Bacteria;p__Actinobacteria;c__Actinobacteria;o__Actinomycetales	unresolved
L442-2011-16-5m.041.fasta	80.2	48.9	1.52	k__Bacteria;p__Bacteroidetes	unresolved
L442-2011-16-5m.042.fasta	38.95	3.51	50	k__Bacteria;p__Verrucomicrobia;c__Opitutae;o__Opitutales;f__Opitutaceae	g__Opitutus;s__Opitutus_terrae
L442-2011-16-5m.043.fasta	57.76	8.62	0	k__Bacteria;p__Proteobacteria	c__Gammaproteobacteria
L442-2011-16-5m.044.fasta	51.37	34.03	4.23	k__Bacteria;p__Verrucomicrobia;c__Opitutae;o__Opitutales;f__Opitutaceae	g__Opitutus;s__Opitutus_terrae
L442-2011-16-5m.045.fasta	65.06	25.71	2.33	k__Bacteria	p__Deinococcus-Thermus;c__Deinococci
L442-2011-16-5m.046.fasta	46.23	3.86	0	k__Bacteria;p__Verrucomicrobia;c__Opitutae;o__Opitutales;f__Opitutaceae	g__Opitutus;s__Opitutus_terrae
L442-2011-16-5m.047.fasta	83.46	32.94	10.64	k__Bacteria;p__Verrucomicrobia	c__Opitutae;o__Opitutales;f__Opitutaceae
L442-2011-16-5m.048.fasta	44.18	6.44	3.39	k__Bacteria;p__Proteobacteria;c__Gammaproteobacteria;o__Xanthomonadales	f__Sinobacteraceae
L442-2011-16-5m.049.fasta	46.87	21.55	28.57	k__Bacteria;p__Actinobacteria;c__Actinobacteria;o__Actinomycetales	unresolved
L442-2014-15m.001.fasta	14.66	1.72	0	k__Bacteria;p__Chlorobi;c__Chlorobia;o__Chlorobiales;f__Chlorobiaceae;g__Pelodictyon	g__Chlorobium;s__Chlorobium_chlorochromatii
L442-2014-15m.002.fasta	87.93	31.9	70.97	k__Bacteria;p__Chlorobi;c__Chlorobia;o__Chlorobiales;f__Chlorobiaceae;g__Pelodictyon	s__Pelodictyon_phaeoclathratiforme
L442-2014-15m.003.fasta	68.92	1.55	21.43	k__Bacteria;p__Proteobacteria;c__Gammaproteobacteria;o__Methylococcales;f__Methylococcaceae	g__Methylobacter;s__Methylobacter_tundripaludum
L442-2014-15m.004.fasta	88.93	3.51	50	k__Bacteria;p__Acidobacteria;c__Holophagae;o__Holophagales;f__Holophagaceae	g__Geothrix;s__Geothrix_fermentans
L442-2014-15m.005.fasta	72.72	14.77	56.25	k__Bacteria;p__Planctomycetes;c__Planctomycetia;o__Planctomycetales;f__Planctomycetaceae	unresolved
L442-2014-15m.006.fasta	87.93	10.03	0	k__Bacteria;p__Proteobacteria;c__Betaproteobacteria	unresolved
L442-2014-15m.007.fasta	91.95	11.65	0	k__Bacteria;p__Proteobacteria;c__Betaproteobacteria;o__Rhodocyclales;f__Rhodocyclaceae	g__Methyloversatilis;s__Methyloversatilis_universalis
L442-2014-15m.008.fasta	77.34	40.05	53.19	k__Bacteria;p__Proteobacteria;c__Betaproteobacteria;o__Burkholderiales;f__Comamonadaceae	g__Rhodoferax;s__Rhodoferax_ferrireducens
L442-2014-15m.009.fasta	78.56	22.12	0	k__Bacteria	p__Lentisphaerae;c__Lentisphaeria;o__Victivallales;f__Victivallaceae;g__Victivallis;s__Victivallis_vadensis
L442-2014-15m.010.fasta	76.77	3.07	0	k__Bacteria;p__Acidobacteria;c__Holophagae;o__Holophagales;f__Holophagaceae	g__Geothrix;s__Geothrix_fermentans
L442-2014-15m.011.fasta	97.08	53.84	38	k__Bacteria;p__Proteobacteria;c__Betaproteobacteria;o__Methylophilales;f__Methylophilaceae;g__Methylotenera	s__Methylotenera_versatilis
L442-2014-15m.012.fasta	85.3	1.88	0	k__Bacteria;p__Proteobacteria;c__Gammaproteobacteria;o__Methylococcales;f__Methylococcaceae;g__Methylococcus	g__Methylocaldum;s__Methylocaldum_szegediense
L442-2014-15m.013.fasta	87.41	9.27	20	k__Bacteria;p__Proteobacteria;c__Betaproteobacteria;o__Burkholderiales;f__Comamonadaceae	g__Rhodoferax;s__Rhodoferax_ferrireducens
L442-2014-15m.014.fasta	36.21	18.83	1.52	k__Bacteria	p__Lentisphaerae;c__Lentisphaeria;o__Victivallales;f__Victivallaceae;g__Victivallis;s__Victivallis_vadensis
L442-2014-15m.015.fasta	57.47	0	0	k__Bacteria;p__Cyanobacteria;c__Oscillatoriales;o__Oscillatoriales;f__Pseudanabaena;g__Pseudanabaena	c__Chroococcales;o__Chroococcales;f__Synechococcus;g__Synechococcus;s__
L442-2014-15m.016.fasta	58.86	0.11	100	k__Bacteria;p__Actinobacteria;c__Actinobacteria;o__Actinomycetales	f__Streptomycetaceae;g__Streptomyces;s__Streptomyces_cattleya
L442-2014-15m.017.fasta	57.89	0	0	k__Bacteria;p__Proteobacteria;c__Gammaproteobacteria;o__Methylococcales;f__Methylococcaceae	g__Methylovulum;s__Methylovulum_miyakonense
L442-2014-15m.018.fasta	76.71	57.26	6.94	k__Bacteria;p__Proteobacteria;c__Deltaproteobacteria;o__Desulfobacterales;f__Desulfobacteraceae	g__Desulfatirhabdium;s__Desulfatirhabdium_butyrativorans
L442-2014-15m.019.fasta	69.6	0.94	0	k__Bacteria;p__Chloroflexi;c__Chloroflexi;o__Chloroflexales;f__Chloroflexaceae	f__Oscillochloridaceae;g__Oscillochloris;s__Oscillochloris_trichoides
L442-2014-15m.020.fasta	71.71	3.45	0	k__Bacteria;p__Proteobacteria;c__Gammaproteobacteria	o__Chromatiales;f__Chromatiaceae
L442-2014-15m.021.fasta	50.14	2.74	0	k__Bacteria;p__Actinobacteria;c__Actinobacteria	o__Acidimicrobiales;f__Acidimicrobiaceae;g__Acidimicrobium;s__Acidimicrobium_ferrooxidans
L442-2014-15m.022.fasta	73.41	5.26	0	k__Bacteria;p__Proteobacteria;c__Betaproteobacteria;o__Nitrosomonadales;f__Nitrosomonadaceae	g__Nitrosospira
L442-2014-15m.023.fasta	11.4	1.75	0	k__Bacteria;p__Proteobacteria;c__Deltaproteobacteria;o__Myxococcales;f__Myxococcaceae;g__Anaeromyxobacter	s__
L442-2014-15m.024.fasta	1.87	0	0	k__Bacteria;p__Proteobacteria;c__Gammaproteobacteria;o__Xanthomonadales	f__Sinobacteraceae
L442-2014-15m.025.fasta	54.45	14.81	0	k__Bacteria	p__Verrucomicrobia
L442-2014-15m.026.fasta	71.03	15.52	0	k__Bacteria;p__Proteobacteria;c__Gammaproteobacteria	o__Chromatiales;f__Ectothiorhodospiraceae
L442-2014-15m.027.fasta	38.79	8.62	0	k__Bacteria	p__Lentisphaerae;c__Lentisphaeria;o__Victivallales;f__Victivallaceae;g__Victivallis;s__Victivallis_vadensis
L442-2014-15m.028.fasta	43.1	3.45	0	k__Bacteria;p__Proteobacteria;c__Betaproteobacteria	o__Burkholderiales
L442-2014-15m.029.fasta	16.36	0	0	k__Bacteria;p__Actinobacteria;c__Actinobacteria;o__Actinomycetales	f__Jiangellaceae;g__Jiangella;s__Jiangella_gansuensis
L442-2014-15m.030.fasta	74.14	32.27	0	k__Bacteria;p__Proteobacteria;c__Betaproteobacteria	o__Burkholderiales
L442-2014-15m.031.fasta	63.6	44.2	4.21	k__Bacteria;p__Verrucomicrobia	c__Opitutae;o__Opitutales;f__Opitutaceae
L442-2014-15m.032.fasta	0	0	0	NA	unresolved
L442-2014-15m.033.fasta	0	0	0	NA	unresolved
L304_S_6D_001_1-contigs.fasta	99.45	0	0	k__Bacteria;p__Chlorobi;c__Chlorobia;o__Chlorobiales;f__Chlorobiaceae;g__Pelodictyon	unresolved
L227_S_6D_001_1-contigs.fasta	99.45	0.27	100	k__Bacteria;p__Chlorobi;c__Chlorobia;o__Chlorobiales;f__Chlorobiaceae;g__Pelodictyon	s__Pelodictyon_phaeoclathratiforme
L227_S_6D.002.fasta	97.31	1.88	0	k__Bacteria;p__Bacteroidetes	c__Bacteroidia;o__Bacteroidales
L227_S_6D.003.fasta	98.92	1.88	0	k__Bacteria;p__Bacteroidetes	c__Bacteroidia;o__Bacteroidales
